"Id","Date","Type","Quantity","Reason","PreviousStock","NewStock","DocumentNumber","UserName","Source","UnitCost","TotalCost","ProductId","StoreId","ProductStockId","SaleId","PurchaseId","CreatedAt","UpdatedAt","IsDeleted"
1,"2025-04-24 19:00:00-05",11,-4,"Venta importada desde Tandia - BB02-102939",0,-4,"BB02-102939","Tandia_Import","Tandia_Import","9.5000","38.00",367,1,1,NULL,NULL,"2025-08-13 00:56:45.69023-05",NULL,False
2,"2025-04-24 19:00:00-05",11,-1,"Venta importada desde Tandia - BB02-102939",0,-1,"BB02-102939","Tandia_Import","Tandia_Import","7.9000","7.90",97,1,2,NULL,NULL,"2025-08-13 00:56:45.709136-05",NULL,False
3,"2025-04-24 19:00:00-05",11,-2,"Venta importada desde Tandia - BB02-102939",0,-2,"BB02-102939","Tandia_Import","Tandia_Import","4.9000","9.80",145,1,3,NULL,NULL,"2025-08-13 00:56:45.720904-05",NULL,False
4,"2025-04-24 19:00:00-05",11,-2,"Venta importada desde Tandia - BB02-102939",0,-2,"BB02-102939","Tandia_Import","Tandia_Import","1.0000","2.00",170,1,4,NULL,NULL,"2025-08-13 00:56:45.731199-05",NULL,False
5,"2025-04-24 19:00:00-05",11,-1,"Venta importada desde Tandia - BB02-102939",0,-1,"BB02-102939","Tandia_Import","Tandia_Import","4.5000","4.50",57,1,5,NULL,NULL,"2025-08-13 00:56:45.741159-05",NULL,False
6,"2025-04-24 19:00:00-05",11,-2,"Venta importada desde Tandia - BB02-102939",0,-2,"BB02-102939","Tandia_Import","Tandia_Import","0.5000","1.00",108,1,6,NULL,NULL,"2025-08-13 00:56:45.752704-05",NULL,False
7,"2025-04-24 19:00:00-05",11,-1,"Venta importada desde Tandia - BB02-102939",0,-1,"BB02-102939","Tandia_Import","Tandia_Import","3.5000","3.50",417,1,7,NULL,NULL,"2025-08-13 00:56:45.763601-05",NULL,False
8,"2025-04-24 19:00:00-05",11,-1,"Venta importada desde Tandia - BB02-102940",0,-1,"BB02-102940","Tandia_Import","Tandia_Import","3.0000","3.00",348,1,8,NULL,NULL,"2025-08-13 00:56:45.856095-05",NULL,False
9,"2025-04-24 19:00:00-05",11,-1,"Venta importada desde Tandia - BB02-102940",0,-1,"BB02-102940","Tandia_Import","Tandia_Import","0.9000","0.90",49,1,9,NULL,NULL,"2025-08-13 00:56:45.867447-05",NULL,False
10,"2025-04-24 19:00:00-05",11,-2,"Venta importada desde Tandia - BB02-102940",0,-2,"BB02-102940","Tandia_Import","Tandia_Import","1.5000","3.00",201,1,10,NULL,NULL,"2025-08-13 00:56:45.878538-05",NULL,False
11,"2025-04-24 19:00:00-05",11,-1,"Venta importada desde Tandia - BB02-102941",0,-1,"BB02-102941","Tandia_Import","Tandia_Import","1.0000","1.00",47,1,11,NULL,NULL,"2025-08-13 00:56:45.89633-05",NULL,False
12,"2025-04-24 19:00:00-05",11,-1,"Venta importada desde Tandia - BB02-102942",0,-1,"BB02-102942","Tandia_Import","Tandia_Import","0.8000","0.80",56,1,12,NULL,NULL,"2025-08-13 00:56:45.910272-05",NULL,False
13,"2025-04-24 19:00:00-05",11,-1,"Venta importada desde Tandia - BB02-102943",0,-1,"BB02-102943","Tandia_Import","Tandia_Import","4.0000","4.00",168,1,13,NULL,NULL,"2025-08-13 00:56:45.927752-05",NULL,False
14,"2025-04-24 19:00:00-05",11,-1,"Venta importada desde Tandia - BB02-102943",0,-1,"BB02-102943","Tandia_Import","Tandia_Import","3.5000","3.50",281,1,14,NULL,NULL,"2025-08-13 00:56:45.939777-05",NULL,False
15,"2025-04-24 19:00:00-05",11,-1,"Venta importada desde Tandia - BB02-102943",0,-1,"BB02-102943","Tandia_Import","Tandia_Import","2.5000","2.50",414,1,15,NULL,NULL,"2025-08-13 00:56:45.952839-05",NULL,False
16,"2025-04-24 19:00:00-05",11,-10,"Venta importada desde Tandia - NT02-13694",0,-10,"NT02-13694","Tandia_Import","Tandia_Import","1.2500","12.50",428,1,16,NULL,NULL,"2025-08-13 00:56:45.98921-05",NULL,False
17,"2025-04-24 19:00:00-05",11,-10,"Venta importada desde Tandia - NT02-13695",-10,-20,"NT02-13695","Tandia_Import","Tandia_Import","1.2500","12.50",428,1,16,NULL,NULL,"2025-08-13 00:56:46.013445-05",NULL,False
18,"2025-04-24 19:00:00-05",11,-2,"Venta importada desde Tandia - NT02-13695",0,-2,"NT02-13695","Tandia_Import","Tandia_Import","4.5000","9.00",410,1,17,NULL,NULL,"2025-08-13 00:56:46.027388-05",NULL,False
19,"2025-04-24 19:00:00-05",11,-1,"Venta importada desde Tandia - NT02-13695",0,-1,"NT02-13695","Tandia_Import","Tandia_Import","9.0000","9.00",412,1,18,NULL,NULL,"2025-08-13 00:56:46.039455-05",NULL,False
20,"2025-04-24 19:00:00-05",11,-1,"Venta importada desde Tandia - BB02-102944",0,-1,"BB02-102944","Tandia_Import","Tandia_Import","2.5000","2.50",315,1,19,NULL,NULL,"2025-08-13 00:56:46.058565-05",NULL,False
21,"2025-04-24 19:00:00-05",11,-1,"Venta importada desde Tandia - BB02-102944",-20,-21,"BB02-102944","Tandia_Import","Tandia_Import","1.5000","1.50",428,1,16,NULL,NULL,"2025-08-13 00:56:46.067972-05",NULL,False
22,"2025-04-24 19:00:00-05",11,-1,"Venta importada desde Tandia - BB02-102944",-1,-2,"BB02-102944","Tandia_Import","Tandia_Import","1.0000","1.00",47,1,11,NULL,NULL,"2025-08-13 00:56:46.077685-05",NULL,False
23,"2025-04-24 19:00:00-05",11,-1,"Venta importada desde Tandia - BB02-102945",0,-1,"BB02-102945","Tandia_Import","Tandia_Import","5.5000","5.50",129,1,20,NULL,NULL,"2025-08-13 00:56:46.096262-05",NULL,False
24,"2025-04-24 19:00:00-05",11,-1,"Venta importada desde Tandia - BB02-102946",0,-1,"BB02-102946","Tandia_Import","Tandia_Import","8.5000","8.50",344,1,21,NULL,NULL,"2025-08-13 00:56:46.112317-05",NULL,False
25,"2025-04-24 19:00:00-05",11,-1,"Venta importada desde Tandia - BB02-102946",0,-1,"BB02-102946","Tandia_Import","Tandia_Import","6.5000","6.50",227,1,22,NULL,NULL,"2025-08-13 00:56:46.126496-05",NULL,False
26,"2025-04-24 19:00:00-05",11,-2,"Venta importada desde Tandia - BB02-102946",0,-2,"BB02-102946","Tandia_Import","Tandia_Import","0.7000","1.40",64,1,23,NULL,NULL,"2025-08-13 00:56:46.140018-05",NULL,False
27,"2025-04-24 19:00:00-05",11,-1,"Venta importada desde Tandia - BB02-102946",-21,-22,"BB02-102946","Tandia_Import","Tandia_Import","1.5000","1.50",428,1,16,NULL,NULL,"2025-08-13 00:56:46.151577-05",NULL,False
28,"2025-04-24 19:00:00-05",11,-1,"Venta importada desde Tandia - BB02-102946",-1,-2,"BB02-102946","Tandia_Import","Tandia_Import","3.5000","3.50",417,1,7,NULL,NULL,"2025-08-13 00:56:46.164999-05",NULL,False
29,"2025-04-24 19:00:00-05",11,-1,"Venta importada desde Tandia - BB02-102946",0,-1,"BB02-102946","Tandia_Import","Tandia_Import","2.5000","2.50",164,1,24,NULL,NULL,"2025-08-13 00:56:46.188376-05",NULL,False
30,"2025-04-24 19:00:00-05",11,-5,"Venta importada desde Tandia - BB02-102947",0,-5,"BB02-102947","Tandia_Import","Tandia_Import","2.1000","10.50",413,1,25,NULL,NULL,"2025-08-13 00:56:46.21255-05",NULL,False
31,"2025-04-24 19:00:00-05",11,-5,"Venta importada desde Tandia - BB02-102947",0,-5,"BB02-102947","Tandia_Import","Tandia_Import","2.0000","10.00",406,1,26,NULL,NULL,"2025-08-13 00:56:46.229742-05",NULL,False
32,"2025-04-24 19:00:00-05",11,-10,"Venta importada desde Tandia - BB02-102947",0,-10,"BB02-102947","Tandia_Import","Tandia_Import","1.2500","12.50",59,1,27,NULL,NULL,"2025-08-13 00:56:46.245076-05",NULL,False
33,"2025-04-24 19:00:00-05",11,-2,"Venta importada desde Tandia - BB02-102947",-2,-4,"BB02-102947","Tandia_Import","Tandia_Import","0.5000","1.00",108,1,6,NULL,NULL,"2025-08-13 00:56:46.258644-05",NULL,False
34,"2025-04-24 19:00:00-05",11,-10,"Venta importada desde Tandia - BB02-102948",0,-10,"BB02-102948","Tandia_Import","Tandia_Import","2.5000","25.00",23,1,28,NULL,NULL,"2025-08-13 00:56:46.279012-05",NULL,False
35,"2025-04-24 19:00:00-05",11,-10,"Venta importada desde Tandia - BB02-102949",-10,-20,"BB02-102949","Tandia_Import","Tandia_Import","1.2500","12.50",59,1,27,NULL,NULL,"2025-08-13 00:56:46.297986-05",NULL,False
36,"2025-04-24 19:00:00-05",11,-5,"Venta importada desde Tandia - BB02-102949",-1,-6,"BB02-102949","Tandia_Import","Tandia_Import","3.2500","16.25",281,1,14,NULL,NULL,"2025-08-13 00:56:46.310494-05",NULL,False
37,"2025-04-24 19:00:00-05",11,-1,"Venta importada desde Tandia - BB02-102950",0,-1,"BB02-102950","Tandia_Import","Tandia_Import","8.9000","8.90",86,1,29,NULL,NULL,"2025-08-13 00:56:46.333639-05",NULL,False
38,"2025-04-24 19:00:00-05",11,-1,"Venta importada desde Tandia - BB02-102950",-1,-2,"BB02-102950","Tandia_Import","Tandia_Import","6.5000","6.50",227,1,22,NULL,NULL,"2025-08-13 00:56:46.347822-05",NULL,False
39,"2025-04-24 19:00:00-05",11,-1,"Venta importada desde Tandia - BB02-102950",-4,-5,"BB02-102950","Tandia_Import","Tandia_Import","0.5000","0.50",108,1,6,NULL,NULL,"2025-08-13 00:56:46.361758-05",NULL,False
40,"2025-04-24 19:00:00-05",11,-1,"Venta importada desde Tandia - BB02-102950",-1,-2,"BB02-102950","Tandia_Import","Tandia_Import","0.9000","0.90",49,1,9,NULL,NULL,"2025-08-13 00:56:46.375143-05",NULL,False
41,"2025-04-24 19:00:00-05",11,-1,"Venta importada desde Tandia - BB02-102950",0,-1,"BB02-102950","Tandia_Import","Tandia_Import","1.0000","1.00",65,1,30,NULL,NULL,"2025-08-13 00:56:46.394718-05",NULL,False
42,"2025-04-24 19:00:00-05",11,-20,"Venta importada desde Tandia - BB02-102951",0,-20,"BB02-102951","Tandia_Import","Tandia_Import","0.8000","16.00",63,1,31,NULL,NULL,"2025-08-13 00:56:46.422388-05",NULL,False
43,"2025-04-24 19:00:00-05",11,-10,"Venta importada desde Tandia - BB02-102952",-22,-32,"BB02-102952","Tandia_Import","Tandia_Import","1.2500","12.50",428,1,16,NULL,NULL,"2025-08-13 00:56:46.439209-05",NULL,False
44,"2025-04-24 19:00:00-05",11,-1,"Venta importada desde Tandia - BB02-102953",-20,-21,"BB02-102953","Tandia_Import","Tandia_Import","1.0000","1.00",63,1,31,NULL,NULL,"2025-08-13 00:56:46.458088-05",NULL,False
45,"2025-04-24 19:00:00-05",11,-1,"Venta importada desde Tandia - BB02-102953",-20,-21,"BB02-102953","Tandia_Import","Tandia_Import","1.5000","1.50",59,1,27,NULL,NULL,"2025-08-13 00:56:46.470647-05",NULL,False
46,"2025-04-24 19:00:00-05",11,-1,"Venta importada desde Tandia - BB02-102953",-5,-6,"BB02-102953","Tandia_Import","Tandia_Import","2.5000","2.50",406,1,26,NULL,NULL,"2025-08-13 00:56:46.483771-05",NULL,False
47,"2025-04-24 19:00:00-05",11,-1,"Venta importada desde Tandia - BB02-102953",0,-1,"BB02-102953","Tandia_Import","Tandia_Import","2.5000","2.50",210,1,32,NULL,NULL,"2025-08-13 00:56:46.509247-05",NULL,False
48,"2025-04-24 19:00:00-05",11,-1,"Venta importada desde Tandia - BB02-102954",0,-1,"BB02-102954","Tandia_Import","Tandia_Import","9.5000","9.50",202,1,33,NULL,NULL,"2025-08-13 00:56:46.534403-05",NULL,False
49,"2025-04-24 19:00:00-05",11,-2,"Venta importada desde Tandia - BB02-102954",0,-2,"BB02-102954","Tandia_Import","Tandia_Import","1.2000","2.40",279,1,34,NULL,NULL,"2025-08-13 00:56:46.552154-05",NULL,False
50,"2025-04-24 19:00:00-05",11,-1,"Venta importada desde Tandia - BB02-102954",0,-1,"BB02-102954","Tandia_Import","Tandia_Import","3.0000","3.00",407,1,35,NULL,NULL,"2025-08-13 00:56:46.573043-05",NULL,False
51,"2025-04-24 19:00:00-05",11,-2,"Venta importada desde Tandia - BB02-102954",-2,-4,"BB02-102954","Tandia_Import","Tandia_Import","1.5000","3.00",201,1,10,NULL,NULL,"2025-08-13 00:56:46.585955-05",NULL,False
52,"2025-04-24 19:00:00-05",11,-1,"Venta importada desde Tandia - BB02-102954",0,-1,"BB02-102954","Tandia_Import","Tandia_Import","1.5000","1.50",54,1,36,NULL,NULL,"2025-08-13 00:56:46.603011-05",NULL,False
53,"2025-04-24 19:00:00-05",11,-1,"Venta importada desde Tandia - BB02-102954",0,-1,"BB02-102954","Tandia_Import","Tandia_Import","1.0000","1.00",55,1,37,NULL,NULL,"2025-08-13 00:56:46.622123-05",NULL,False
54,"2025-04-24 19:00:00-05",11,-2,"Venta importada desde Tandia - BB02-102954",-1,-3,"BB02-102954","Tandia_Import","Tandia_Import","3.0000","6.00",348,1,8,NULL,NULL,"2025-08-13 00:56:46.63547-05",NULL,False
55,"2025-04-24 19:00:00-05",11,-1,"Venta importada desde Tandia - BB02-102954",-2,-3,"BB02-102954","Tandia_Import","Tandia_Import","1.0000","1.00",47,1,11,NULL,NULL,"2025-08-13 00:56:46.648398-05",NULL,False
56,"2025-04-24 19:00:00-05",11,-1,"Venta importada desde Tandia - BB02-102955",-1,-2,"BB02-102955","Tandia_Import","Tandia_Import","8.9000","8.90",86,1,29,NULL,NULL,"2025-08-13 00:56:46.66886-05",NULL,False
57,"2025-04-24 19:00:00-05",11,-1,"Venta importada desde Tandia - BB02-102955",-2,-3,"BB02-102955","Tandia_Import","Tandia_Import","6.5000","6.50",227,1,22,NULL,NULL,"2025-08-13 00:56:46.681512-05",NULL,False
58,"2025-04-24 19:00:00-05",11,-1,"Venta importada desde Tandia - BB02-102956",0,-1,"BB02-102956","Tandia_Import","Tandia_Import","6.5000","6.50",400,1,38,NULL,NULL,"2025-08-13 00:56:46.70571-05",NULL,False
59,"2025-04-24 19:00:00-05",11,-1,"Venta importada desde Tandia - BB02-102956",0,-1,"BB02-102956","Tandia_Import","Tandia_Import","6.5000","6.50",399,1,39,NULL,NULL,"2025-08-13 00:56:46.724379-05",NULL,False
60,"2025-04-24 19:00:00-05",11,-1,"Venta importada desde Tandia - BB02-102956",0,-1,"BB02-102956","Tandia_Import","Tandia_Import","4.9000","4.90",152,1,40,NULL,NULL,"2025-08-13 00:56:46.741794-05",NULL,False
61,"2025-04-24 19:00:00-05",11,-2,"Venta importada desde Tandia - BB02-102956",-4,-6,"BB02-102956","Tandia_Import","Tandia_Import","1.5000","3.00",201,1,10,NULL,NULL,"2025-08-13 00:56:46.75726-05",NULL,False
62,"2025-04-24 19:00:00-05",11,-1,"Venta importada desde Tandia - BB02-102956",0,-1,"BB02-102956","Tandia_Import","Tandia_Import","1.9000","1.90",89,1,41,NULL,NULL,"2025-08-13 00:56:46.775018-05",NULL,False
63,"2025-04-24 19:00:00-05",11,-2,"Venta importada desde Tandia - BB02-102956",0,-2,"BB02-102956","Tandia_Import","Tandia_Import","2.5000","5.00",95,1,42,NULL,NULL,"2025-08-13 00:56:46.795339-05",NULL,False
64,"2025-04-24 19:00:00-05",11,-10,"Venta importada desde Tandia - BB02-102957",-2,-12,"BB02-102957","Tandia_Import","Tandia_Import","2.2500","22.50",95,1,42,NULL,NULL,"2025-08-13 00:56:46.815732-05",NULL,False
65,"2025-04-24 19:00:00-05",11,-10,"Venta importada desde Tandia - BB02-102957",-2,-12,"BB02-102957","Tandia_Import","Tandia_Import","0.7000","7.00",49,1,9,NULL,NULL,"2025-08-13 00:56:46.831661-05",NULL,False
66,"2025-04-24 19:00:00-05",11,-1,"Venta importada desde Tandia - BB02-102958",-1,-2,"BB02-102958","Tandia_Import","Tandia_Import","7.9000","7.90",97,1,2,NULL,NULL,"2025-08-13 00:56:46.856391-05",NULL,False
67,"2025-04-24 19:00:00-05",11,-1,"Venta importada desde Tandia - BB02-102959",0,-1,"BB02-102959","Tandia_Import","Tandia_Import","2.5000","2.50",141,1,43,NULL,NULL,"2025-08-13 00:56:46.881012-05",NULL,False
68,"2025-04-24 19:00:00-05",11,-1,"Venta importada desde Tandia - BB02-102959",-2,-3,"BB02-102959","Tandia_Import","Tandia_Import","1.0000","1.00",170,1,4,NULL,NULL,"2025-08-13 00:56:46.896743-05",NULL,False
69,"2025-04-24 19:00:00-05",11,-5,"Venta importada desde Tandia - BB02-102959",0,-5,"BB02-102959","Tandia_Import","Tandia_Import","0.2000","1.00",285,1,44,NULL,NULL,"2025-08-13 00:56:46.915816-05",NULL,False
70,"2025-04-24 19:00:00-05",11,-1,"Venta importada desde Tandia - BB02-102959",-2,-3,"BB02-102959","Tandia_Import","Tandia_Import","8.9000","8.90",86,1,29,NULL,NULL,"2025-08-13 00:56:46.934432-05",NULL,False
71,"2025-04-24 19:00:00-05",11,-1,"Venta importada desde Tandia - BB02-102959",-21,-22,"BB02-102959","Tandia_Import","Tandia_Import","1.0000","1.00",63,1,31,NULL,NULL,"2025-08-13 00:56:46.95024-05",NULL,False
72,"2025-04-24 19:00:00-05",11,-2,"Venta importada desde Tandia - BB02-102960",0,-2,"BB02-102960","Tandia_Import","Tandia_Import","2.5000","5.00",351,1,45,NULL,NULL,"2025-08-13 00:56:46.977216-05",NULL,False
73,"2025-04-24 19:00:00-05",11,-1,"Venta importada desde Tandia - BB02-102960",-5,-6,"BB02-102960","Tandia_Import","Tandia_Import","2.5000","2.50",413,1,25,NULL,NULL,"2025-08-13 00:56:46.994141-05",NULL,False
74,"2025-04-24 19:00:00-05",11,-1,"Venta importada desde Tandia - BB02-102960",-1,-2,"BB02-102960","Tandia_Import","Tandia_Import","1.0000","1.00",65,1,30,NULL,NULL,"2025-08-13 00:56:47.008152-05",NULL,False
75,"2025-04-24 19:00:00-05",11,-1,"Venta importada desde Tandia - BB02-102960",-5,-6,"BB02-102960","Tandia_Import","Tandia_Import","0.5000","0.50",108,1,6,NULL,NULL,"2025-08-13 00:56:47.025285-05",NULL,False
76,"2025-04-24 19:00:00-05",11,-1,"Venta importada desde Tandia - BB02-102960",0,-1,"BB02-102960","Tandia_Import","Tandia_Import","2.5000","2.50",84,1,46,NULL,NULL,"2025-08-13 00:56:47.04349-05",NULL,False
77,"2025-04-24 19:00:00-05",11,-1,"Venta importada desde Tandia - BB02-102960",-1,-2,"BB02-102960","Tandia_Import","Tandia_Import","2.5000","2.50",141,1,43,NULL,NULL,"2025-08-13 00:56:47.060899-05",NULL,False
78,"2025-04-24 19:00:00-05",11,-5,"Venta importada desde Tandia - BB02-102961",-6,-11,"BB02-102961","Tandia_Import","Tandia_Import","3.2500","16.25",281,1,14,NULL,NULL,"2025-08-13 00:56:47.083182-05",NULL,False
79,"2025-04-24 19:00:00-05",11,-5,"Venta importada desde Tandia - BB02-102961",-21,-26,"BB02-102961","Tandia_Import","Tandia_Import","1.2500","6.25",59,1,27,NULL,NULL,"2025-08-13 00:56:47.099549-05",NULL,False
80,"2025-04-24 19:00:00-05",11,-25,"Venta importada desde Tandia - NT02-13696",0,-25,"NT02-13696","Tandia_Import","Tandia_Import","3.6000","90.00",409,1,47,NULL,NULL,"2025-08-13 00:56:47.126075-05",NULL,False
81,"2025-04-24 19:00:00-05",11,-1,"Venta importada desde Tandia - NT02-13696",0,-1,"NT02-13696","Tandia_Import","Tandia_Import","19.0000","19.00",197,1,48,NULL,NULL,"2025-08-13 00:56:47.14554-05",NULL,False
82,"2025-04-24 19:00:00-05",11,-1,"Venta importada desde Tandia - BB02-102962",0,-1,"BB02-102962","Tandia_Import","Tandia_Import","8.5000","8.50",329,1,49,NULL,NULL,"2025-08-13 00:56:47.178253-05",NULL,False
83,"2025-04-24 19:00:00-05",11,-1,"Venta importada desde Tandia - BB02-102962",0,-1,"BB02-102962","Tandia_Import","Tandia_Import","2.0000","2.00",107,1,50,NULL,NULL,"2025-08-13 00:56:47.203906-05",NULL,False
84,"2025-04-24 19:00:00-05",11,-2,"Venta importada desde Tandia - BB02-102963",-1,-3,"BB02-102963","Tandia_Import","Tandia_Import","1.9000","3.80",89,1,41,NULL,NULL,"2025-08-13 00:56:47.229059-05",NULL,False
85,"2025-04-24 19:00:00-05",11,-1,"Venta importada desde Tandia - BB02-102964",-3,-4,"BB02-102964","Tandia_Import","Tandia_Import","3.0000","3.00",348,1,8,NULL,NULL,"2025-08-13 00:56:47.249684-05",NULL,False
86,"2025-04-24 19:00:00-05",11,-1,"Venta importada desde Tandia - BB02-102964",0,-1,"BB02-102964","Tandia_Import","Tandia_Import","2.0000","2.00",144,1,51,NULL,NULL,"2025-08-13 00:56:47.269459-05",NULL,False
87,"2025-04-24 19:00:00-05",11,-1,"Venta importada desde Tandia - BB02-102965",-11,-12,"BB02-102965","Tandia_Import","Tandia_Import","3.5000","3.50",281,1,14,NULL,NULL,"2025-08-13 00:56:47.290407-05",NULL,False
88,"2025-04-24 19:00:00-05",11,-1,"Venta importada desde Tandia - BB02-102965",-1,-2,"BB02-102965","Tandia_Import","Tandia_Import","2.5000","2.50",414,1,15,NULL,NULL,"2025-08-13 00:56:47.308951-05",NULL,False
89,"2025-04-24 19:00:00-05",11,-1,"Venta importada desde Tandia - BB02-102966",-2,-3,"BB02-102966","Tandia_Import","Tandia_Import","2.5000","2.50",141,1,43,NULL,NULL,"2025-08-13 00:56:47.335306-05",NULL,False
90,"2025-04-24 19:00:00-05",11,-1,"Venta importada desde Tandia - BB02-102966",-22,-23,"BB02-102966","Tandia_Import","Tandia_Import","1.0000","1.00",63,1,31,NULL,NULL,"2025-08-13 00:56:47.3518-05",NULL,False
91,"2025-04-24 19:00:00-05",11,-1,"Venta importada desde Tandia - BB02-102967",0,-1,"BB02-102967","Tandia_Import","Tandia_Import","9.5000","9.50",204,1,52,NULL,NULL,"2025-08-13 00:56:47.376876-05",NULL,False
92,"2025-04-24 19:00:00-05",11,-1,"Venta importada desde Tandia - BB02-102968",0,-1,"BB02-102968","Tandia_Import","Tandia_Import","9.5000","9.50",402,1,53,NULL,NULL,"2025-08-13 00:56:47.403763-05",NULL,False
93,"2025-04-24 19:00:00-05",11,-10,"Venta importada desde Tandia - BB02-102969",-23,-33,"BB02-102969","Tandia_Import","Tandia_Import","0.8000","8.00",63,1,31,NULL,NULL,"2025-08-13 00:56:47.42615-05",NULL,False
94,"2025-04-24 19:00:00-05",11,-5,"Venta importada desde Tandia - BB02-102969",0,-5,"BB02-102969","Tandia_Import","Tandia_Import","0.9500","4.75",61,1,54,NULL,NULL,"2025-08-13 00:56:47.464592-05",NULL,False
95,"2025-04-24 19:00:00-05",11,-1,"Venta importada desde Tandia - BB02-102970",0,-1,"BB02-102970","Tandia_Import","Tandia_Import","9.0000","9.00",432,1,55,NULL,NULL,"2025-08-13 00:56:47.497797-05",NULL,False
96,"2025-04-24 19:00:00-05",11,-1,"Venta importada desde Tandia - BB02-102970",0,-1,"BB02-102970","Tandia_Import","Tandia_Import","1.0000","1.00",295,1,56,NULL,NULL,"2025-08-13 00:56:47.520582-05",NULL,False
97,"2025-04-24 19:00:00-05",11,-1,"Venta importada desde Tandia - BB02-102971",-2,-3,"BB02-102971","Tandia_Import","Tandia_Import","3.5000","3.50",417,1,7,NULL,NULL,"2025-08-13 00:56:47.541801-05",NULL,False
98,"2025-04-24 19:00:00-05",11,-1,"Venta importada desde Tandia - BB02-102971",0,-1,"BB02-102971","Tandia_Import","Tandia_Import","7.5000","7.50",171,1,57,NULL,NULL,"2025-08-13 00:56:47.563982-05",NULL,False
99,"2025-04-24 19:00:00-05",11,-1,"Venta importada desde Tandia - BB02-102971",-1,-2,"BB02-102971","Tandia_Import","Tandia_Import","1.5000","1.50",54,1,36,NULL,NULL,"2025-08-13 00:56:47.579179-05",NULL,False
100,"2025-04-24 19:00:00-05",11,-1,"Venta importada desde Tandia - BB02-102971",-1,-2,"BB02-102971","Tandia_Import","Tandia_Import","1.0000","1.00",55,1,37,NULL,NULL,"2025-08-13 00:56:47.596368-05",NULL,False
101,"2025-04-24 19:00:00-05",11,-1,"Venta importada desde Tandia - BB02-102972",0,-1,"BB02-102972","Tandia_Import","Tandia_Import","1.5000","1.50",70,1,58,NULL,NULL,"2025-08-13 00:56:47.623759-05",NULL,False
102,"2025-04-24 19:00:00-05",11,-1,"Venta importada desde Tandia - BB02-102973",-1,-2,"BB02-102973","Tandia_Import","Tandia_Import","19.0000","19.00",197,1,48,NULL,NULL,"2025-08-13 00:56:47.645193-05",NULL,False
103,"2025-04-24 19:00:00-05",11,-5,"Venta importada desde Tandia - BB02-102974",-2,-7,"BB02-102974","Tandia_Import","Tandia_Import","3.5000","17.50",410,1,17,NULL,NULL,"2025-08-13 00:56:47.666997-05",NULL,False
104,"2025-04-24 19:00:00-05",11,-1,"Venta importada desde Tandia - BB02-102975",0,-1,"BB02-102975","Tandia_Import","Tandia_Import","4.5000","4.50",220,1,59,NULL,NULL,"2025-08-13 00:56:47.695729-05",NULL,False
105,"2025-04-24 19:00:00-05",11,-1,"Venta importada desde Tandia - BB02-102976",-2,-3,"BB02-102976","Tandia_Import","Tandia_Import","1.0000","1.00",65,1,30,NULL,NULL,"2025-08-13 00:56:47.717985-05",NULL,False
106,"2025-04-24 19:00:00-05",11,-1,"Venta importada desde Tandia - BB02-102976",-6,-7,"BB02-102976","Tandia_Import","Tandia_Import","0.5000","0.50",108,1,6,NULL,NULL,"2025-08-13 00:56:47.733069-05",NULL,False
107,"2025-04-24 19:00:00-05",11,-1,"Venta importada desde Tandia - BB02-102976",0,-1,"BB02-102976","Tandia_Import","Tandia_Import","0.9000","0.90",112,1,60,NULL,NULL,"2025-08-13 00:56:47.754115-05",NULL,False
108,"2025-04-24 19:00:00-05",11,-1,"Venta importada desde Tandia - BB02-102976",-2,-3,"BB02-102976","Tandia_Import","Tandia_Import","7.9000","7.90",97,1,2,NULL,NULL,"2025-08-13 00:56:47.769484-05",NULL,False
109,"2025-04-24 19:00:00-05",11,-4,"Venta importada desde Tandia - BB02-102977",-2,-6,"BB02-102977","Tandia_Import","Tandia_Import","2.5000","10.00",351,1,45,NULL,NULL,"2025-08-13 00:56:47.795853-05",NULL,False
110,"2025-04-24 19:00:00-05",11,-1,"Venta importada desde Tandia - BB02-102977",-6,-7,"BB02-102977","Tandia_Import","Tandia_Import","2.5000","2.50",413,1,25,NULL,NULL,"2025-08-13 00:56:47.811878-05",NULL,False
111,"2025-04-24 19:00:00-05",11,-2,"Venta importada desde Tandia - BB02-102977",-32,-34,"BB02-102977","Tandia_Import","Tandia_Import","1.5000","3.00",428,1,16,NULL,NULL,"2025-08-13 00:56:47.829354-05",NULL,False
112,"2025-04-24 19:00:00-05",11,-1,"Venta importada desde Tandia - BB02-102977",-3,-4,"BB02-102977","Tandia_Import","Tandia_Import","3.5000","3.50",417,1,7,NULL,NULL,"2025-08-13 00:56:47.845788-05",NULL,False
113,"2025-04-24 19:00:00-05",11,-2,"Venta importada desde Tandia - BB02-102977",-1,-3,"BB02-102977","Tandia_Import","Tandia_Import","0.9000","1.80",112,1,60,NULL,NULL,"2025-08-13 00:56:47.862591-05",NULL,False
114,"2025-04-24 19:00:00-05",11,-2,"Venta importada desde Tandia - BB02-102977",-7,-9,"BB02-102977","Tandia_Import","Tandia_Import","0.5000","1.00",108,1,6,NULL,NULL,"2025-08-13 00:56:47.878526-05",NULL,False
115,"2025-04-24 19:00:00-05",11,-1,"Venta importada desde Tandia - BB02-102978",-3,-4,"BB02-102978","Tandia_Import","Tandia_Import","2.5000","2.50",141,1,43,NULL,NULL,"2025-08-13 00:56:47.904422-05",NULL,False
116,"2025-04-24 19:00:00-05",11,-1,"Venta importada desde Tandia - BB02-102978",-4,-5,"BB02-102978","Tandia_Import","Tandia_Import","3.5000","3.50",417,1,7,NULL,NULL,"2025-08-13 00:56:47.922884-05",NULL,False
117,"2025-04-24 19:00:00-05",11,-1,"Venta importada desde Tandia - BB02-102978",-3,-4,"BB02-102978","Tandia_Import","Tandia_Import","1.9000","1.90",89,1,41,NULL,NULL,"2025-08-13 00:56:47.939368-05",NULL,False
118,"2025-04-24 19:00:00-05",11,-1,"Venta importada desde Tandia - BB02-102978",0,-1,"BB02-102978","Tandia_Import","Tandia_Import","1.2000","1.20",50,1,61,NULL,NULL,"2025-08-13 00:56:47.962257-05",NULL,False
119,"2025-04-24 19:00:00-05",11,-8,"Venta importada desde Tandia - BB02-102979",-3,-11,"BB02-102979","Tandia_Import","Tandia_Import","7.9000","63.20",97,1,2,NULL,NULL,"2025-08-13 00:56:47.986247-05",NULL,False
120,"2025-04-24 19:00:00-05",11,-1,"Venta importada desde Tandia - BB02-102979",-1,-2,"BB02-102979","Tandia_Import","Tandia_Import","2.0000","2.00",107,1,50,NULL,NULL,"2025-08-13 00:56:48.002608-05",NULL,False
121,"2025-04-24 19:00:00-05",11,-4,"Venta importada desde Tandia - BB02-102979",-3,-7,"BB02-102979","Tandia_Import","Tandia_Import","0.9000","3.60",112,1,60,NULL,NULL,"2025-08-13 00:56:48.019412-05",NULL,False
122,"2025-04-24 19:00:00-05",11,-2,"Venta importada desde Tandia - BB02-102979",-34,-36,"BB02-102979","Tandia_Import","Tandia_Import","1.5000","3.00",428,1,16,NULL,NULL,"2025-08-13 00:56:48.035877-05",NULL,False
123,"2025-04-24 19:00:00-05",11,-1,"Venta importada desde Tandia - BB02-102980",-3,-4,"BB02-102980","Tandia_Import","Tandia_Import","1.0000","1.00",65,1,30,NULL,NULL,"2025-08-13 00:56:48.060667-05",NULL,False
124,"2025-04-24 19:00:00-05",11,-10,"Venta importada desde Tandia - BB02-102980",0,-10,"BB02-102980","Tandia_Import","Tandia_Import","0.1000","1.00",284,1,62,NULL,NULL,"2025-08-13 00:56:48.082787-05",NULL,False
125,"2025-04-24 19:00:00-05",11,0,"Venta importada desde Tandia - BB02-102980",0,0,"BB02-102980","Tandia_Import","Tandia_Import","18.0000","9.00",293,1,63,NULL,NULL,"2025-08-13 00:56:48.106319-05",NULL,False
126,"2025-04-24 19:00:00-05",11,-1,"Venta importada desde Tandia - BB02-102980",-26,-27,"BB02-102980","Tandia_Import","Tandia_Import","1.5000","1.50",59,1,27,NULL,NULL,"2025-08-13 00:56:48.124245-05",NULL,False
127,"2025-04-24 19:00:00-05",11,-1,"Venta importada desde Tandia - BB02-102980",-5,-6,"BB02-102980","Tandia_Import","Tandia_Import","1.2000","1.20",61,1,54,NULL,NULL,"2025-08-13 00:56:48.140605-05",NULL,False
128,"2025-04-24 19:00:00-05",11,-20,"Venta importada desde Tandia - BB02-102981",-6,-26,"BB02-102981","Tandia_Import","Tandia_Import","1.1000","22.00",201,1,10,NULL,NULL,"2025-08-13 00:56:48.167472-05",NULL,False
129,"2025-04-24 19:00:00-05",11,-1,"Venta importada desde Tandia - BB02-102981",-7,-8,"BB02-102981","Tandia_Import","Tandia_Import","2.5000","2.50",413,1,25,NULL,NULL,"2025-08-13 00:56:48.184293-05",NULL,False
130,"2025-04-24 19:00:00-05",11,-1,"Venta importada desde Tandia - BB02-102982",-6,-7,"BB02-102982","Tandia_Import","Tandia_Import","2.5000","2.50",406,1,26,NULL,NULL,"2025-08-13 00:56:48.21546-05",NULL,False
131,"2025-04-24 19:00:00-05",11,-1,"Venta importada desde Tandia - BB02-102982",-8,-9,"BB02-102982","Tandia_Import","Tandia_Import","2.5000","2.50",413,1,25,NULL,NULL,"2025-08-13 00:56:48.234071-05",NULL,False
132,"2025-04-24 19:00:00-05",11,-1,"Venta importada desde Tandia - BB02-102982",0,-1,"BB02-102982","Tandia_Import","Tandia_Import","10.0000","10.00",132,1,64,NULL,NULL,"2025-08-13 00:56:48.257327-05",NULL,False
133,"2025-04-24 19:00:00-05",11,-2,"Venta importada desde Tandia - BB02-102983",-26,-28,"BB02-102983","Tandia_Import","Tandia_Import","1.5000","3.00",201,1,10,NULL,NULL,"2025-08-13 00:56:48.280763-05",NULL,False
134,"2025-04-24 19:00:00-05",11,-10,"Venta importada desde Tandia - BB02-102984",-12,-22,"BB02-102984","Tandia_Import","Tandia_Import","3.2500","32.50",281,1,14,NULL,NULL,"2025-08-13 00:56:48.305214-05",NULL,False
135,"2025-04-24 19:00:00-05",11,-1,"Venta importada desde Tandia - BB02-102985",0,-1,"BB02-102985","Tandia_Import","Tandia_Import","3.5000","3.50",96,1,65,NULL,NULL,"2025-08-13 00:56:48.336566-05",NULL,False
136,"2025-04-24 19:00:00-05",11,-2,"Venta importada desde Tandia - BB02-102985",-9,-11,"BB02-102985","Tandia_Import","Tandia_Import","0.5000","1.00",108,1,6,NULL,NULL,"2025-08-13 00:56:48.355915-05",NULL,False
137,"2025-04-24 19:00:00-05",11,-1,"Venta importada desde Tandia - BB02-102985",0,-1,"BB02-102985","Tandia_Import","Tandia_Import","1.2000","1.20",282,1,66,NULL,NULL,"2025-08-13 00:56:48.378782-05",NULL,False
138,"2025-04-24 19:00:00-05",11,-1,"Venta importada desde Tandia - BB02-102985",-4,-5,"BB02-102985","Tandia_Import","Tandia_Import","2.5000","2.50",141,1,43,NULL,NULL,"2025-08-13 00:56:48.396698-05",NULL,False
139,"2025-04-24 19:00:00-05",11,-1,"Venta importada desde Tandia - BB02-102985",-3,-4,"BB02-102985","Tandia_Import","Tandia_Import","1.0000","1.00",170,1,4,NULL,NULL,"2025-08-13 00:56:48.414359-05",NULL,False
140,"2025-04-24 19:00:00-05",11,-5,"Venta importada desde Tandia - BB02-102985",-27,-32,"BB02-102985","Tandia_Import","Tandia_Import","1.2500","6.25",59,1,27,NULL,NULL,"2025-08-13 00:56:48.434276-05",NULL,False
141,"2025-04-24 19:00:00-05",11,-1,"Venta importada desde Tandia - BB02-102985",-1,-2,"BB02-102985","Tandia_Import","Tandia_Import","3.0000","3.00",407,1,35,NULL,NULL,"2025-08-13 00:56:48.451322-05",NULL,False
142,"2025-04-24 19:00:00-05",11,-1,"Venta importada desde Tandia - BB02-102986",-11,-12,"BB02-102986","Tandia_Import","Tandia_Import","7.9000","7.90",97,1,2,NULL,NULL,"2025-08-13 00:56:48.476923-05",NULL,False
143,"2025-04-24 19:00:00-05",11,-1,"Venta importada desde Tandia - BB02-102986",-3,-4,"BB02-102986","Tandia_Import","Tandia_Import","6.5000","6.50",227,1,22,NULL,NULL,"2025-08-13 00:56:48.49593-05",NULL,False
144,"2025-04-24 19:00:00-05",11,-2,"Venta importada desde Tandia - BB02-102986",-4,-6,"BB02-102986","Tandia_Import","Tandia_Import","1.0000","2.00",170,1,4,NULL,NULL,"2025-08-13 00:56:48.512536-05",NULL,False
145,"2025-04-24 19:00:00-05",11,-2,"Venta importada desde Tandia - BB02-102987",-12,-14,"BB02-102987","Tandia_Import","Tandia_Import","2.5000","5.00",95,1,42,NULL,NULL,"2025-08-13 00:56:48.538228-05",NULL,False
146,"2025-04-24 19:00:00-05",11,-1,"Venta importada desde Tandia - BB02-102987",-4,-5,"BB02-102987","Tandia_Import","Tandia_Import","1.0000","1.00",65,1,30,NULL,NULL,"2025-08-13 00:56:48.556768-05",NULL,False
147,"2025-04-24 19:00:00-05",11,-1,"Venta importada desde Tandia - BB02-102987",-9,-10,"BB02-102987","Tandia_Import","Tandia_Import","2.5000","2.50",413,1,25,NULL,NULL,"2025-08-13 00:56:48.574596-05",NULL,False
148,"2025-04-24 19:00:00-05",11,-1,"Venta importada desde Tandia - BB02-102987",-7,-8,"BB02-102987","Tandia_Import","Tandia_Import","0.9000","0.90",112,1,60,NULL,NULL,"2025-08-13 00:56:48.592856-05",NULL,False
149,"2025-04-24 19:00:00-05",11,-1,"Venta importada desde Tandia - BB02-102987",-11,-12,"BB02-102987","Tandia_Import","Tandia_Import","0.5000","0.50",108,1,6,NULL,NULL,"2025-08-13 00:56:48.610588-05",NULL,False
150,"2025-04-24 19:00:00-05",11,-1,"Venta importada desde Tandia - BB02-102988",-7,-8,"BB02-102988","Tandia_Import","Tandia_Import","2.5000","2.50",406,1,26,NULL,NULL,"2025-08-13 00:56:48.637837-05",NULL,False
151,"2025-04-24 19:00:00-05",11,-20,"Venta importada desde Tandia - BB02-102989",-32,-52,"BB02-102989","Tandia_Import","Tandia_Import","1.2500","25.00",59,1,27,NULL,NULL,"2025-08-13 00:56:48.663903-05",NULL,False
152,"2025-04-24 19:00:00-05",11,-1,"Venta importada desde Tandia - BB02-102990",-12,-13,"BB02-102990","Tandia_Import","Tandia_Import","0.9000","0.90",49,1,9,NULL,NULL,"2025-08-13 00:56:48.690202-05",NULL,False
153,"2025-04-24 19:00:00-05",11,-1,"Venta importada desde Tandia - BB02-102991",-3,-4,"BB02-102991","Tandia_Import","Tandia_Import","1.0000","1.00",47,1,11,NULL,NULL,"2025-08-13 00:56:48.713757-05",NULL,False
154,"2025-04-24 19:00:00-05",11,-2,"Venta importada desde Tandia - BB02-102992",-4,-6,"BB02-102992","Tandia_Import","Tandia_Import","1.0000","2.00",47,1,11,NULL,NULL,"2025-08-13 00:56:48.740084-05",NULL,False
155,"2025-04-24 19:00:00-05",11,-1,"Venta importada desde Tandia - BB02-102992",-5,-6,"BB02-102992","Tandia_Import","Tandia_Import","1.0000","1.00",65,1,30,NULL,NULL,"2025-08-13 00:56:48.759764-05",NULL,False
156,"2025-04-24 19:00:00-05",11,-10,"Venta importada desde Tandia - BB02-102993",0,-10,"BB02-102993","Tandia_Import","Tandia_Import","2.4000","24.00",116,1,67,NULL,NULL,"2025-08-13 00:56:48.7917-05",NULL,False
157,"2025-04-24 19:00:00-05",11,-1,"Venta importada desde Tandia - BB02-102993",-22,-23,"BB02-102993","Tandia_Import","Tandia_Import","3.5000","3.50",281,1,14,NULL,NULL,"2025-08-13 00:56:48.810209-05",NULL,False
158,"2025-04-24 19:00:00-05",11,-1,"Venta importada desde Tandia - BB02-102993",-1,-2,"BB02-102993","Tandia_Import","Tandia_Import","9.0000","9.00",412,1,18,NULL,NULL,"2025-08-13 00:56:48.82904-05",NULL,False
159,"2025-04-24 19:00:00-05",11,-1,"Venta importada desde Tandia - BB02-102994",-5,-6,"BB02-102994","Tandia_Import","Tandia_Import","3.5000","3.50",417,1,7,NULL,NULL,"2025-08-13 00:56:48.862193-05",NULL,False
160,"2025-04-24 19:00:00-05",11,-1,"Venta importada desde Tandia - BB02-102995",-1,-2,"BB02-102995","Tandia_Import","Tandia_Import","7.5000","7.50",171,1,57,NULL,NULL,"2025-08-13 00:56:48.890381-05",NULL,False
161,"2025-04-24 19:00:00-05",11,-1,"Venta importada desde Tandia - BB02-102995",0,-1,"BB02-102995","Tandia_Import","Tandia_Import","6.0000","6.00",403,1,68,NULL,NULL,"2025-08-13 00:56:48.915166-05",NULL,False
162,"2025-04-24 19:00:00-05",11,-1,"Venta importada desde Tandia - BB02-102995",-8,-9,"BB02-102995","Tandia_Import","Tandia_Import","2.5000","2.50",406,1,26,NULL,NULL,"2025-08-13 00:56:48.93467-05",NULL,False
163,"2025-04-24 19:00:00-05",11,-8,"Venta importada desde Tandia - BB02-102996",-14,-22,"BB02-102996","Tandia_Import","Tandia_Import","2.5000","20.00",95,1,42,NULL,NULL,"2025-08-13 00:56:48.965256-05",NULL,False
164,"2025-04-24 19:00:00-05",11,-2,"Venta importada desde Tandia - BB02-102996",-22,-24,"BB02-102996","Tandia_Import","Tandia_Import","2.5000","5.00",95,1,42,NULL,NULL,"2025-08-13 00:56:48.985044-05",NULL,False
165,"2025-04-24 19:00:00-05",11,-2,"Venta importada desde Tandia - BB02-102996",-5,-7,"BB02-102996","Tandia_Import","Tandia_Import","2.5000","5.00",141,1,43,NULL,NULL,"2025-08-13 00:56:49.00436-05",NULL,False
166,"2025-04-24 19:00:00-05",11,-5,"Venta importada desde Tandia - BB02-102996",0,-5,"BB02-102996","Tandia_Import","Tandia_Import","4.0000","20.00",82,1,69,NULL,NULL,"2025-08-13 00:56:49.030011-05",NULL,False
167,"2025-04-24 19:00:00-05",11,-2,"Venta importada desde Tandia - BB02-102996",0,-2,"BB02-102996","Tandia_Import","Tandia_Import","4.0000","8.00",167,1,70,NULL,NULL,"2025-08-13 00:56:49.054988-05",NULL,False
168,"2025-04-24 19:00:00-05",11,-1,"Venta importada desde Tandia - BB02-102997",-52,-53,"BB02-102997","Tandia_Import","Tandia_Import","1.5000","1.50",59,1,27,NULL,NULL,"2025-08-13 00:56:49.081873-05",NULL,False
169,"2025-04-24 19:00:00-05",11,-2,"Venta importada desde Tandia - BB02-102997",-2,-4,"BB02-102997","Tandia_Import","Tandia_Import","0.7000","1.40",64,1,23,NULL,NULL,"2025-08-13 00:56:49.101334-05",NULL,False
170,"2025-04-24 19:00:00-05",11,-1,"Venta importada desde Tandia - BB02-102997",-6,-7,"BB02-102997","Tandia_Import","Tandia_Import","1.0000","1.00",170,1,4,NULL,NULL,"2025-08-13 00:56:49.122358-05",NULL,False
171,"2025-04-24 19:00:00-05",11,-10,"Venta importada desde Tandia - BB02-102997",-10,-20,"BB02-102997","Tandia_Import","Tandia_Import","0.1000","1.00",284,1,62,NULL,NULL,"2025-08-13 00:56:49.140473-05",NULL,False
172,"2025-04-24 19:00:00-05",11,-1,"Venta importada desde Tandia - BB02-102997",-1,-2,"BB02-102997","Tandia_Import","Tandia_Import","4.5000","4.50",220,1,59,NULL,NULL,"2025-08-13 00:56:49.161518-05",NULL,False
173,"2025-04-24 19:00:00-05",11,-1,"Venta importada desde Tandia - BB02-102998",-28,-29,"BB02-102998","Tandia_Import","Tandia_Import","1.5000","1.50",201,1,10,NULL,NULL,"2025-08-13 00:56:49.194579-05",NULL,False
174,"2025-04-24 19:00:00-05",11,-1,"Venta importada desde Tandia - BB02-102999",0,-1,"BB02-102999","Tandia_Import","Tandia_Import","9.5000","9.50",346,1,71,NULL,NULL,"2025-08-13 00:56:49.227141-05",NULL,False
175,"2025-04-24 19:00:00-05",11,-1,"Venta importada desde Tandia - BB02-102999",-7,-8,"BB02-102999","Tandia_Import","Tandia_Import","2.5000","2.50",141,1,43,NULL,NULL,"2025-08-13 00:56:49.245056-05",NULL,False
176,"2025-04-24 19:00:00-05",11,-10,"Venta importada desde Tandia - BB02-103000",-20,-30,"BB02-103000","Tandia_Import","Tandia_Import","0.1000","1.00",284,1,62,NULL,NULL,"2025-08-13 00:56:49.273641-05",NULL,False
177,"2025-04-24 19:00:00-05",11,-1,"Venta importada desde Tandia - BB02-103001",-53,-54,"BB02-103001","Tandia_Import","Tandia_Import","1.5000","1.50",59,1,27,NULL,NULL,"2025-08-13 00:56:49.301602-05",NULL,False
178,"2025-04-24 19:00:00-05",11,-2,"Venta importada desde Tandia - BB02-103002",0,-2,"BB02-103002","Tandia_Import","Tandia_Import","2.5000","5.00",76,1,72,NULL,NULL,"2025-08-13 00:56:49.335247-05",NULL,False
179,"2025-04-24 19:00:00-05",11,-5,"Venta importada desde Tandia - BB02-103002",-5,-10,"BB02-103002","Tandia_Import","Tandia_Import","0.2000","1.00",285,1,44,NULL,NULL,"2025-08-13 00:56:49.354192-05",NULL,False
180,"2025-04-24 19:00:00-05",11,-1,"Venta importada desde Tandia - BB02-103002",0,-1,"BB02-103002","Tandia_Import","Tandia_Import","6.0000","6.00",372,1,73,NULL,NULL,"2025-08-13 00:56:49.379785-05",NULL,False
181,"2025-04-24 19:00:00-05",11,-1,"Venta importada desde Tandia - BB02-103003",0,-1,"BB02-103003","Tandia_Import","Tandia_Import","4.0000","4.00",416,1,74,NULL,NULL,"2025-08-13 00:56:49.415278-05",NULL,False
182,"2025-04-24 19:00:00-05",11,-1,"Venta importada desde Tandia - BB02-103004",-1,-2,"BB02-103004","Tandia_Import","Tandia_Import","2.0000","2.00",144,1,51,NULL,NULL,"2025-08-13 00:56:49.443216-05",NULL,False
183,"2025-04-24 19:00:00-05",11,-10,"Venta importada desde Tandia - BB02-103005",-30,-40,"BB02-103005","Tandia_Import","Tandia_Import","0.1000","1.00",284,1,62,NULL,NULL,"2025-08-13 00:56:49.472311-05",NULL,False
184,"2025-04-24 19:00:00-05",11,-1,"Venta importada desde Tandia - BB02-103006",-6,-7,"BB02-103006","Tandia_Import","Tandia_Import","3.5000","3.50",417,1,7,NULL,NULL,"2025-08-13 00:56:49.502053-05",NULL,False
185,"2025-04-24 19:00:00-05",11,-1,"Venta importada desde Tandia - BB02-103007",-33,-34,"BB02-103007","Tandia_Import","Tandia_Import","1.0000","1.00",63,1,31,NULL,NULL,"2025-08-13 00:56:49.538541-05",NULL,False
186,"2025-04-24 19:00:00-05",11,-3,"Venta importada desde Tandia - BB02-103008",-8,-11,"BB02-103008","Tandia_Import","Tandia_Import","0.9000","2.70",112,1,60,NULL,NULL,"2025-08-13 00:56:49.565586-05",NULL,False
187,"2025-04-24 19:00:00-05",11,-3,"Venta importada desde Tandia - BB02-103008",0,-3,"BB02-103008","Tandia_Import","Tandia_Import","0.6000","1.80",109,1,75,NULL,NULL,"2025-08-13 00:56:49.592794-05",NULL,False
188,"2025-04-24 19:00:00-05",11,-1,"Venta importada desde Tandia - BB02-103008",0,-1,"BB02-103008","Tandia_Import","Tandia_Import","3.0000","3.00",100,1,76,NULL,NULL,"2025-08-13 00:56:49.619629-05",NULL,False
189,"2025-04-24 19:00:00-05",11,-1,"Venta importada desde Tandia - BB02-103008",0,-1,"BB02-103008","Tandia_Import","Tandia_Import","2.5000","2.50",103,1,77,NULL,NULL,"2025-08-13 00:56:49.645089-05",NULL,False
190,"2025-04-24 19:00:00-05",11,-1,"Venta importada desde Tandia - BB02-103009",0,-1,"BB02-103009","Tandia_Import","Tandia_Import","4.5000","4.50",35,1,78,NULL,NULL,"2025-08-13 00:56:49.680292-05",NULL,False
191,"2025-04-24 19:00:00-05",11,-10,"Venta importada desde Tandia - BB02-103010",0,-10,"BB02-103010","Tandia_Import","Tandia_Import","1.0500","10.50",175,1,79,NULL,NULL,"2025-08-13 00:56:49.737694-05",NULL,False
192,"2025-04-24 19:00:00-05",11,-10,"Venta importada desde Tandia - BB02-103010",-6,-16,"BB02-103010","Tandia_Import","Tandia_Import","0.9500","9.50",61,1,54,NULL,NULL,"2025-08-13 00:56:49.766935-05",NULL,False
193,"2025-04-24 19:00:00-05",11,-2,"Venta importada desde Tandia - BB02-103011",-4,-6,"BB02-103011","Tandia_Import","Tandia_Import","3.0000","6.00",348,1,8,NULL,NULL,"2025-08-13 00:56:49.79616-05",NULL,False
194,"2025-04-24 19:00:00-05",11,-1,"Venta importada desde Tandia - BB02-103011",-1,-2,"BB02-103011","Tandia_Import","Tandia_Import","9.5000","9.50",346,1,71,NULL,NULL,"2025-08-13 00:56:49.816446-05",NULL,False
195,"2025-04-24 19:00:00-05",11,-1,"Venta importada desde Tandia - BB02-103011",-4,-5,"BB02-103011","Tandia_Import","Tandia_Import","9.5000","9.50",367,1,1,NULL,NULL,"2025-08-13 00:56:49.838437-05",NULL,False
196,"2025-04-24 19:00:00-05",11,-1,"Venta importada desde Tandia - BB02-103011",-1,-2,"BB02-103011","Tandia_Import","Tandia_Import","4.0000","4.00",168,1,13,NULL,NULL,"2025-08-13 00:56:49.859565-05",NULL,False
197,"2025-04-24 19:00:00-05",11,-1,"Venta importada desde Tandia - BB02-103011",-13,-14,"BB02-103011","Tandia_Import","Tandia_Import","0.9000","0.90",49,1,9,NULL,NULL,"2025-08-13 00:56:49.879856-05",NULL,False
198,"2025-04-24 19:00:00-05",11,-1,"Venta importada desde Tandia - BB02-103012",-12,-13,"BB02-103012","Tandia_Import","Tandia_Import","7.9000","7.90",97,1,2,NULL,NULL,"2025-08-13 00:56:49.909582-05",NULL,False
199,"2025-04-24 19:00:00-05",11,-1,"Venta importada desde Tandia - BB02-103013",-29,-30,"BB02-103013","Tandia_Import","Tandia_Import","1.5000","1.50",201,1,10,NULL,NULL,"2025-08-13 00:56:49.940088-05",NULL,False
200,"2025-04-24 19:00:00-05",11,-1,"Venta importada desde Tandia - BB02-103013",-54,-55,"BB02-103013","Tandia_Import","Tandia_Import","1.5000","1.50",59,1,27,NULL,NULL,"2025-08-13 00:56:49.962744-05",NULL,False
201,"2025-04-24 19:00:00-05",11,-1,"Venta importada desde Tandia - BB02-103013",0,-1,"BB02-103013","Tandia_Import","Tandia_Import","0.2000","0.20",336,1,80,NULL,NULL,"2025-08-13 00:56:49.991358-05",NULL,False
202,"2025-04-24 19:00:00-05",11,-1,"Venta importada desde Tandia - BB02-103014",0,-1,"BB02-103014","Tandia_Import","Tandia_Import","1.9000","1.90",159,1,81,NULL,NULL,"2025-08-13 00:56:50.028809-05",NULL,False
203,"2025-04-24 19:00:00-05",11,-1,"Venta importada desde Tandia - BB02-103015",-6,-7,"BB02-103015","Tandia_Import","Tandia_Import","1.0000","1.00",47,1,11,NULL,NULL,"2025-08-13 00:56:50.060472-05",NULL,False
204,"2025-04-24 19:00:00-05",11,-1,"Venta importada desde Tandia - BB02-103016",-2,-3,"BB02-103016","Tandia_Import","Tandia_Import","2.5000","2.50",76,1,72,NULL,NULL,"2025-08-13 00:56:50.093701-05",NULL,False
205,"2025-04-24 19:00:00-05",11,-2,"Venta importada desde Tandia - BB02-103017",-5,-7,"BB02-103017","Tandia_Import","Tandia_Import","9.5000","19.00",367,1,1,NULL,NULL,"2025-08-13 00:56:50.122948-05",NULL,False
206,"2025-04-24 19:00:00-05",11,-1,"Venta importada desde Tandia - BB02-103017",-3,-4,"BB02-103017","Tandia_Import","Tandia_Import","2.5000","2.50",76,1,72,NULL,NULL,"2025-08-13 00:56:50.143206-05",NULL,False
207,"2025-04-24 19:00:00-05",11,-1,"Venta importada desde Tandia - BB02-103017",-7,-8,"BB02-103017","Tandia_Import","Tandia_Import","1.0000","1.00",170,1,4,NULL,NULL,"2025-08-13 00:56:50.166513-05",NULL,False
208,"2025-04-24 19:00:00-05",11,-1,"Venta importada desde Tandia - BB02-103017",-8,-9,"BB02-103017","Tandia_Import","Tandia_Import","2.5000","2.50",141,1,43,NULL,NULL,"2025-08-13 00:56:50.191406-05",NULL,False
209,"2025-04-24 19:00:00-05",11,-1,"Venta importada desde Tandia - BB02-103017",-30,-31,"BB02-103017","Tandia_Import","Tandia_Import","1.5000","1.50",201,1,10,NULL,NULL,"2025-08-13 00:56:50.212086-05",NULL,False
210,"2025-04-24 19:00:00-05",11,-1,"Venta importada desde Tandia - BB02-103018",0,-1,"BB02-103018","Tandia_Import","Tandia_Import","6.8000","6.80",245,1,82,NULL,NULL,"2025-08-13 00:56:50.257596-05",NULL,False
211,"2025-04-24 19:00:00-05",11,-1,"Venta importada desde Tandia - BB02-103018",-13,-14,"BB02-103018","Tandia_Import","Tandia_Import","7.9000","7.90",97,1,2,NULL,NULL,"2025-08-13 00:56:50.278419-05",NULL,False
212,"2025-04-24 19:00:00-05",11,-1,"Venta importada desde Tandia - BB02-103019",-55,-56,"BB02-103019","Tandia_Import","Tandia_Import","1.5000","1.50",59,1,27,NULL,NULL,"2025-08-13 00:56:50.309285-05",NULL,False
213,"2025-04-24 19:00:00-05",11,-2,"Venta importada desde Tandia - BB02-103019",-16,-18,"BB02-103019","Tandia_Import","Tandia_Import","1.2000","2.40",61,1,54,NULL,NULL,"2025-08-13 00:56:50.331479-05",NULL,False
214,"2025-04-24 19:00:00-05",11,-1,"Venta importada desde Tandia - NT02-13697",-1,-2,"NT02-13697","Tandia_Import","Tandia_Import","9.5000","9.50",202,1,33,NULL,NULL,"2025-08-13 00:56:50.36875-05",NULL,False
215,"2025-04-24 19:00:00-05",11,-1,"Venta importada desde Tandia - NT02-13697",-4,-5,"NT02-13697","Tandia_Import","Tandia_Import","6.5000","6.50",227,1,22,NULL,NULL,"2025-08-13 00:56:50.390872-05",NULL,False
216,"2025-04-24 19:00:00-05",11,-1,"Venta importada desde Tandia - NT02-13697",0,-1,"NT02-13697","Tandia_Import","Tandia_Import","5.9000","5.90",207,1,83,NULL,NULL,"2025-08-13 00:56:50.419099-05",NULL,False
217,"2025-04-24 19:00:00-05",11,-1,"Venta importada desde Tandia - BB02-103020",-24,-25,"BB02-103020","Tandia_Import","Tandia_Import","2.9000","2.90",95,1,42,NULL,NULL,"2025-08-13 00:56:50.448931-05",NULL,False
218,"2025-04-24 19:00:00-05",11,-1,"Venta importada desde Tandia - BB02-103020",-12,-13,"BB02-103020","Tandia_Import","Tandia_Import","0.5000","0.50",108,1,6,NULL,NULL,"2025-08-13 00:56:50.471476-05",NULL,False
219,"2025-04-24 19:00:00-05",11,-1,"Venta importada desde Tandia - BB02-103020",-11,-12,"BB02-103020","Tandia_Import","Tandia_Import","0.9000","0.90",112,1,60,NULL,NULL,"2025-08-13 00:56:50.493322-05",NULL,False
220,"2025-04-24 19:00:00-05",11,-1,"Venta importada desde Tandia - BB02-103020",-36,-37,"BB02-103020","Tandia_Import","Tandia_Import","1.5000","1.50",428,1,16,NULL,NULL,"2025-08-13 00:56:50.514812-05",NULL,False
221,"2025-04-24 19:00:00-05",11,-1,"Venta importada desde Tandia - BB02-103020",-9,-10,"BB02-103020","Tandia_Import","Tandia_Import","2.5000","2.50",141,1,43,NULL,NULL,"2025-08-13 00:56:50.537978-05",NULL,False
222,"2025-04-24 19:00:00-05",11,-1,"Venta importada desde Tandia - BB02-103020",-8,-9,"BB02-103020","Tandia_Import","Tandia_Import","1.0000","1.00",170,1,4,NULL,NULL,"2025-08-13 00:56:50.561577-05",NULL,False
223,"2025-04-24 19:00:00-05",11,-1,"Venta importada desde Tandia - BB02-103020",-10,-11,"BB02-103020","Tandia_Import","Tandia_Import","2.5000","2.50",413,1,25,NULL,NULL,"2025-08-13 00:56:50.583262-05",NULL,False
224,"2025-04-24 19:00:00-05",11,-1,"Venta importada desde Tandia - BB02-103021",-2,-3,"BB02-103021","Tandia_Import","Tandia_Import","3.0000","3.00",407,1,35,NULL,NULL,"2025-08-13 00:56:50.615761-05",NULL,False
225,"2025-04-24 19:00:00-05",11,-1,"Venta importada desde Tandia - BB02-103022",-25,-26,"BB02-103022","Tandia_Import","Tandia_Import","2.9000","2.90",95,1,42,NULL,NULL,"2025-08-13 00:56:50.645994-05",NULL,False
226,"2025-04-24 19:00:00-05",11,-1,"Venta importada desde Tandia - BB02-103022",-13,-14,"BB02-103022","Tandia_Import","Tandia_Import","0.5000","0.50",108,1,6,NULL,NULL,"2025-08-13 00:56:50.669504-05",NULL,False
227,"2025-04-24 19:00:00-05",11,-1,"Venta importada desde Tandia - BB02-103022",-12,-13,"BB02-103022","Tandia_Import","Tandia_Import","0.9000","0.90",112,1,60,NULL,NULL,"2025-08-13 00:56:50.69315-05",NULL,False
228,"2025-04-24 19:00:00-05",11,-1,"Venta importada desde Tandia - BB02-103022",-6,-7,"BB02-103022","Tandia_Import","Tandia_Import","1.0000","1.00",65,1,30,NULL,NULL,"2025-08-13 00:56:50.716096-05",NULL,False
229,"2025-04-24 19:00:00-05",11,-1,"Venta importada desde Tandia - BB02-103022",0,-1,"BB02-103022","Tandia_Import","Tandia_Import","7.5000","7.50",312,1,84,NULL,NULL,"2025-08-13 00:56:50.745979-05",NULL,False
230,"2025-04-24 19:00:00-05",11,-2,"Venta importada desde Tandia - BB02-103023",-3,-5,"BB02-103023","Tandia_Import","Tandia_Import","8.9000","17.80",86,1,29,NULL,NULL,"2025-08-13 00:56:50.778909-05",NULL,False
231,"2025-04-24 19:00:00-05",11,-2,"Venta importada desde Tandia - BB02-103023",0,-2,"BB02-103023","Tandia_Import","Tandia_Import","5.0000","10.00",221,1,85,NULL,NULL,"2025-08-13 00:56:50.810687-05",NULL,False
232,"2025-04-24 19:00:00-05",11,-2,"Venta importada desde Tandia - BB02-103023",-26,-28,"BB02-103023","Tandia_Import","Tandia_Import","2.5000","5.00",95,1,42,NULL,NULL,"2025-08-13 00:56:50.834531-05",NULL,False
233,"2025-04-24 19:00:00-05",11,-1,"Venta importada desde Tandia - BB02-103023",-2,-3,"BB02-103023","Tandia_Import","Tandia_Import","7.5000","7.50",171,1,57,NULL,NULL,"2025-08-13 00:56:50.858662-05",NULL,False
234,"2025-04-24 19:00:00-05",11,-1,"Venta importada desde Tandia - BB02-103023",0,-1,"BB02-103023","Tandia_Import","Tandia_Import","8.5000","8.50",75,1,86,NULL,NULL,"2025-08-13 00:56:50.888101-05",NULL,False
235,"2025-04-24 19:00:00-05",11,-5,"Venta importada desde Tandia - BB02-103023",-56,-61,"BB02-103023","Tandia_Import","Tandia_Import","1.2500","6.25",59,1,27,NULL,NULL,"2025-08-13 00:56:50.911038-05",NULL,False
236,"2025-04-24 19:00:00-05",11,-5,"Venta importada desde Tandia - BB02-103023",-34,-39,"BB02-103023","Tandia_Import","Tandia_Import","0.8000","4.00",63,1,31,NULL,NULL,"2025-08-13 00:56:50.934473-05",NULL,False
237,"2025-04-24 19:00:00-05",11,-20,"Venta importada desde Tandia - BB02-103023",-4,-24,"BB02-103023","Tandia_Import","Tandia_Import","0.4800","9.60",64,1,23,NULL,NULL,"2025-08-13 00:56:50.957937-05",NULL,False
238,"2025-04-24 19:00:00-05",11,-2,"Venta importada desde Tandia - BB02-103023",0,-2,"BB02-103023","Tandia_Import","Tandia_Import","1.9000","3.80",297,1,87,NULL,NULL,"2025-08-13 00:56:50.989085-05",NULL,False
239,"2025-04-24 19:00:00-05",11,-1,"Venta importada desde Tandia - BB02-103023",0,-1,"BB02-103023","Tandia_Import","Tandia_Import","4.0000","4.00",180,1,88,NULL,NULL,"2025-08-13 00:56:51.019525-05",NULL,False
240,"2025-04-24 19:00:00-05",11,-5,"Venta importada desde Tandia - BB02-103023",-1,-6,"BB02-103023","Tandia_Import","Tandia_Import","1.0000","5.00",50,1,61,NULL,NULL,"2025-08-13 00:56:51.042562-05",NULL,False
241,"2025-04-24 19:00:00-05",11,-1,"Venta importada desde Tandia - BB02-103023",-31,-32,"BB02-103023","Tandia_Import","Tandia_Import","1.5000","1.50",201,1,10,NULL,NULL,"2025-08-13 00:56:51.067345-05",NULL,False
242,"2025-04-24 19:00:00-05",11,-1,"Venta importada desde Tandia - BB02-103023",0,-1,"BB02-103023","Tandia_Import","Tandia_Import","6.5000","6.50",156,1,89,NULL,NULL,"2025-08-13 00:56:51.097784-05",NULL,False
243,"2025-04-24 19:00:00-05",11,-2,"Venta importada desde Tandia - BB02-103023",-25,-27,"BB02-103023","Tandia_Import","Tandia_Import","4.5000","9.00",409,1,47,NULL,NULL,"2025-08-13 00:56:51.122561-05",NULL,False
244,"2025-04-24 19:00:00-05",11,-2,"Venta importada desde Tandia - BB02-103023",-3,-5,"BB02-103023","Tandia_Import","Tandia_Import","3.0000","6.00",407,1,35,NULL,NULL,"2025-08-13 00:56:51.156837-05",NULL,False
245,"2025-04-24 19:00:00-05",11,-1,"Venta importada desde Tandia - BB02-103024",0,-1,"BB02-103024","Tandia_Import","Tandia_Import","3.0000","3.00",66,1,90,NULL,NULL,"2025-08-13 00:56:51.227445-05",NULL,False
246,"2025-04-24 19:00:00-05",11,-1,"Venta importada desde Tandia - BB02-103024",-11,-12,"BB02-103024","Tandia_Import","Tandia_Import","2.5000","2.50",413,1,25,NULL,NULL,"2025-08-13 00:56:51.270779-05",NULL,False
247,"2025-04-24 19:00:00-05",11,-2,"Venta importada desde Tandia - BB02-103024",-61,-63,"BB02-103024","Tandia_Import","Tandia_Import","1.5000","3.00",59,1,27,NULL,NULL,"2025-08-13 00:56:51.336287-05",NULL,False
248,"2025-04-24 19:00:00-05",11,-1,"Venta importada desde Tandia - BB02-103025",-1,-2,"BB02-103025","Tandia_Import","Tandia_Import","4.5000","4.50",57,1,5,NULL,NULL,"2025-08-13 00:56:51.399073-05",NULL,False
249,"2025-04-24 19:00:00-05",11,-1,"Venta importada desde Tandia - BB02-103025",0,-1,"BB02-103025","Tandia_Import","Tandia_Import","2.5000","2.50",114,1,91,NULL,NULL,"2025-08-13 00:56:51.445001-05",NULL,False
250,"2025-04-24 19:00:00-05",11,-1,"Venta importada desde Tandia - BB02-103025",-10,-11,"BB02-103025","Tandia_Import","Tandia_Import","3.0000","3.00",116,1,67,NULL,NULL,"2025-08-13 00:56:51.470296-05",NULL,False
251,"2025-04-24 19:00:00-05",11,-15,"Venta importada desde Tandia - BB02-103026",0,-15,"BB02-103026","Tandia_Import","Tandia_Import","3.0000","45.00",118,1,92,NULL,NULL,"2025-08-13 00:56:51.531873-05",NULL,False
252,"2025-04-24 19:00:00-05",11,-5,"Venta importada desde Tandia - BB02-103026",0,-5,"BB02-103026","Tandia_Import","Tandia_Import","3.7000","18.50",119,1,93,NULL,NULL,"2025-08-13 00:56:51.563311-05",NULL,False
253,"2025-04-24 19:00:00-05",11,-1,"Venta importada desde Tandia - BB02-103027",-63,-64,"BB02-103027","Tandia_Import","Tandia_Import","1.5000","1.50",59,1,27,NULL,NULL,"2025-08-13 00:56:51.596353-05",NULL,False
254,"2025-04-24 19:00:00-05",11,-1,"Venta importada desde Tandia - BB02-103027",-1,-2,"BB02-103027","Tandia_Import","Tandia_Import","2.5000","2.50",164,1,24,NULL,NULL,"2025-08-13 00:56:51.620022-05",NULL,False
255,"2025-04-24 19:00:00-05",11,-1,"Venta importada desde Tandia - BB02-103028",-1,-2,"BB02-103028","Tandia_Import","Tandia_Import","0.8000","0.80",56,1,12,NULL,NULL,"2025-08-13 00:56:51.652537-05",NULL,False
256,"2025-04-24 19:00:00-05",11,-1,"Venta importada desde Tandia - BB02-103029",-14,-15,"BB02-103029","Tandia_Import","Tandia_Import","7.9000","7.90",97,1,2,NULL,NULL,"2025-08-13 00:56:51.684434-05",NULL,False
257,"2025-04-24 19:00:00-05",11,-1,"Venta importada desde Tandia - BB02-103029",-5,-6,"BB02-103029","Tandia_Import","Tandia_Import","6.5000","6.50",227,1,22,NULL,NULL,"2025-08-13 00:56:51.708094-05",NULL,False
258,"2025-04-24 19:00:00-05",11,-2,"Venta importada desde Tandia - BB02-103030",-1,-3,"BB02-103030","Tandia_Import","Tandia_Import","2.5000","5.00",315,1,19,NULL,NULL,"2025-08-13 00:56:51.742169-05",NULL,False
259,"2025-04-24 19:00:00-05",11,-6,"Venta importada desde Tandia - BB02-103030",-39,-45,"BB02-103030","Tandia_Import","Tandia_Import","0.8000","4.80",63,1,31,NULL,NULL,"2025-08-13 00:56:51.767102-05",NULL,False
260,"2025-04-24 19:00:00-05",11,-1,"Venta importada desde Tandia - BB02-103030",-9,-10,"BB02-103030","Tandia_Import","Tandia_Import","2.5000","2.50",406,1,26,NULL,NULL,"2025-08-13 00:56:51.791906-05",NULL,False
261,"2025-04-24 19:00:00-05",11,-1,"Venta importada desde Tandia - BB02-103030",-5,-6,"BB02-103030","Tandia_Import","Tandia_Import","3.0000","3.00",407,1,35,NULL,NULL,"2025-08-13 00:56:51.815637-05",NULL,False
262,"2025-04-24 19:00:00-05",11,-1,"Venta importada desde Tandia - BB02-103030",0,-1,"BB02-103030","Tandia_Import","Tandia_Import","16.5000","16.50",205,1,94,NULL,NULL,"2025-08-13 00:56:51.847819-05",NULL,False
263,"2025-04-24 19:00:00-05",11,-1,"Venta importada desde Tandia - BB02-103030",-9,-10,"BB02-103030","Tandia_Import","Tandia_Import","1.0000","1.00",170,1,4,NULL,NULL,"2025-08-13 00:56:51.872629-05",NULL,False
264,"2025-04-24 19:00:00-05",11,-10,"Venta importada desde Tandia - BB02-103031",-13,-23,"BB02-103031","Tandia_Import","Tandia_Import","0.7800","7.80",112,1,60,NULL,NULL,"2025-08-13 00:56:51.908173-05",NULL,False
265,"2025-04-24 19:00:00-05",11,-2,"Venta importada desde Tandia - BB02-103032",-10,-12,"BB02-103032","Tandia_Import","Tandia_Import","1.0000","2.00",170,1,4,NULL,NULL,"2025-08-13 00:56:51.942848-05",NULL,False
266,"2025-04-24 19:00:00-05",11,-1,"Venta importada desde Tandia - BB02-103032",-4,-5,"BB02-103032","Tandia_Import","Tandia_Import","1.9000","1.90",89,1,41,NULL,NULL,"2025-08-13 00:56:51.967869-05",NULL,False
267,"2025-04-24 19:00:00-05",11,-1,"Venta importada desde Tandia - BB02-103032",-45,-46,"BB02-103032","Tandia_Import","Tandia_Import","1.0000","1.00",63,1,31,NULL,NULL,"2025-08-13 00:56:51.993366-05",NULL,False
268,"2025-04-24 19:00:00-05",11,-1,"Venta importada desde Tandia - BB02-103033",0,-1,"BB02-103033","Tandia_Import","Tandia_Import","2.3000","2.30",27,1,95,NULL,NULL,"2025-08-13 00:56:52.035288-05",NULL,False
269,"2025-04-24 19:00:00-05",11,-1,"Venta importada desde Tandia - BB02-103033",-2,-3,"BB02-103033","Tandia_Import","Tandia_Import","2.0000","2.00",144,1,51,NULL,NULL,"2025-08-13 00:56:52.061181-05",NULL,False
270,"2025-04-24 19:00:00-05",11,-1,"Venta importada desde Tandia - BB02-103034",-64,-65,"BB02-103034","Tandia_Import","Tandia_Import","1.5000","1.50",59,1,27,NULL,NULL,"2025-08-13 00:56:52.0957-05",NULL,False
271,"2025-04-24 19:00:00-05",11,-1,"Venta importada desde Tandia - BB02-103034",-46,-47,"BB02-103034","Tandia_Import","Tandia_Import","1.0000","1.00",63,1,31,NULL,NULL,"2025-08-13 00:56:52.121465-05",NULL,False
272,"2025-04-24 19:00:00-05",11,-2,"Venta importada desde Tandia - BB02-103035",-2,-4,"BB02-103035","Tandia_Import","Tandia_Import","2.5000","5.00",164,1,24,NULL,NULL,"2025-08-13 00:56:52.156057-05",NULL,False
273,"2025-04-24 19:00:00-05",11,-1,"Venta importada desde Tandia - BB02-103036",-7,-8,"BB02-103036","Tandia_Import","Tandia_Import","1.0000","1.00",65,1,30,NULL,NULL,"2025-08-13 00:56:52.19298-05",NULL,False
274,"2025-04-24 19:00:00-05",11,-1,"Venta importada desde Tandia - BB02-103036",-14,-15,"BB02-103036","Tandia_Import","Tandia_Import","0.9000","0.90",49,1,9,NULL,NULL,"2025-08-13 00:56:52.218196-05",NULL,False
275,"2025-04-24 19:00:00-05",11,0,"Venta importada desde Tandia - BB02-103037",0,0,"BB02-103037","Tandia_Import","Tandia_Import","18.0000","9.00",293,1,63,NULL,NULL,"2025-08-13 00:56:52.25234-05",NULL,False
276,"2025-04-24 19:00:00-05",11,-1,"Venta importada desde Tandia - BB02-103038",-2,-3,"BB02-103038","Tandia_Import","Tandia_Import","1.5000","1.50",54,1,36,NULL,NULL,"2025-08-13 00:56:52.287685-05",NULL,False
277,"2025-04-24 19:00:00-05",11,-1,"Venta importada desde Tandia - BB02-103039",-2,-3,"BB02-103039","Tandia_Import","Tandia_Import","9.5000","9.50",202,1,33,NULL,NULL,"2025-08-13 00:56:52.323401-05",NULL,False
278,"2025-04-24 19:00:00-05",11,-1,"Venta importada desde Tandia - BB02-103040",-10,-11,"BB02-103040","Tandia_Import","Tandia_Import","3.0000","3.00",23,1,28,NULL,NULL,"2025-08-13 00:56:52.35862-05",NULL,False
279,"2025-04-24 19:00:00-05",11,-3,"Venta importada desde Tandia - BB02-103041",0,-3,"BB02-103041","Tandia_Import","Tandia_Import","1.0000","3.00",322,1,96,NULL,NULL,"2025-08-13 00:56:52.401912-05",NULL,False
280,"2025-04-24 19:00:00-05",11,-20,"Venta importada desde Tandia - BB02-103042",-47,-67,"BB02-103042","Tandia_Import","Tandia_Import","0.8000","16.00",63,1,31,NULL,NULL,"2025-08-13 00:56:52.438528-05",NULL,False
281,"2025-04-24 19:00:00-05",11,-10,"Venta importada desde Tandia - BB02-103042",-18,-28,"BB02-103042","Tandia_Import","Tandia_Import","0.9500","9.50",61,1,54,NULL,NULL,"2025-08-13 00:56:52.465007-05",NULL,False
282,"2025-04-24 19:00:00-05",11,-5,"Venta importada desde Tandia - BB02-103042",-12,-17,"BB02-103042","Tandia_Import","Tandia_Import","2.1000","10.50",413,1,25,NULL,NULL,"2025-08-13 00:56:52.490314-05",NULL,False
283,"2025-04-24 19:00:00-05",11,-1,"Venta importada desde Tandia - BB02-103043",-2,-3,"BB02-103043","Tandia_Import","Tandia_Import","9.0000","9.00",412,1,18,NULL,NULL,"2025-08-13 00:56:52.526018-05",NULL,False
284,"2025-04-24 19:00:00-05",11,-1,"Venta importada desde Tandia - BB02-103044",-65,-66,"BB02-103044","Tandia_Import","Tandia_Import","1.5000","1.50",59,1,27,NULL,NULL,"2025-08-13 00:56:52.560994-05",NULL,False
285,"2025-04-24 19:00:00-05",11,-10,"Venta importada desde Tandia - BB02-103044",-40,-50,"BB02-103044","Tandia_Import","Tandia_Import","0.1000","1.00",284,1,62,NULL,NULL,"2025-08-13 00:56:52.58612-05",NULL,False
286,"2025-04-24 19:00:00-05",11,-1,"Venta importada desde Tandia - FF02-1174",-66,-67,"FF02-1174","Tandia_Import","Tandia_Import","1.5000","1.50",59,1,27,NULL,NULL,"2025-08-13 00:56:52.631474-05",NULL,False
287,"2025-04-24 19:00:00-05",11,-1,"Venta importada desde Tandia - FF02-1174",-7,-8,"FF02-1174","Tandia_Import","Tandia_Import","3.5000","3.50",417,1,7,NULL,NULL,"2025-08-13 00:56:52.657302-05",NULL,False
288,"2025-04-24 19:00:00-05",11,-1,"Venta importada desde Tandia - BB02-103045",-5,-6,"BB02-103045","Tandia_Import","Tandia_Import","8.9000","8.90",86,1,29,NULL,NULL,"2025-08-13 00:56:52.719384-05",NULL,False
289,"2025-04-24 19:00:00-05",11,-2,"Venta importada desde Tandia - BB02-103045",-12,-14,"BB02-103045","Tandia_Import","Tandia_Import","1.0000","2.00",170,1,4,NULL,NULL,"2025-08-13 00:56:52.745178-05",NULL,False
290,"2025-04-24 19:00:00-05",11,-1,"Venta importada desde Tandia - BB02-103045",-67,-68,"BB02-103045","Tandia_Import","Tandia_Import","1.0000","1.00",63,1,31,NULL,NULL,"2025-08-13 00:56:52.77221-05",NULL,False
291,"2025-04-24 19:00:00-05",11,-1,"Venta importada desde Tandia - BB02-103046",0,-1,"BB02-103046","Tandia_Import","Tandia_Import","2.0000","2.00",172,1,97,NULL,NULL,"2025-08-13 00:56:52.818312-05",NULL,False
292,"2025-04-24 19:00:00-05",11,-1,"Venta importada desde Tandia - BB02-103047",-3,-4,"BB02-103047","Tandia_Import","Tandia_Import","2.5000","2.50",315,1,19,NULL,NULL,"2025-08-13 00:56:52.855548-05",NULL,False
293,"2025-04-24 19:00:00-05",11,-2,"Venta importada desde Tandia - BB02-103048",-32,-34,"BB02-103048","Tandia_Import","Tandia_Import","1.5000","3.00",201,1,10,NULL,NULL,"2025-08-13 00:56:52.892828-05",NULL,False
294,"2025-04-24 19:00:00-05",11,-1,"Venta importada desde Tandia - BB02-103048",-3,-4,"BB02-103048","Tandia_Import","Tandia_Import","2.0000","2.00",144,1,51,NULL,NULL,"2025-08-13 00:56:52.918685-05",NULL,False
295,"2025-04-24 19:00:00-05",11,-1,"Venta importada desde Tandia - BB02-103048",-5,-6,"BB02-103048","Tandia_Import","Tandia_Import","1.9000","1.90",89,1,41,NULL,NULL,"2025-08-13 00:56:52.944914-05",NULL,False
296,"2025-04-24 19:00:00-05",11,-1,"Venta importada desde Tandia - BB02-103049",-1,-2,"BB02-103049","Tandia_Import","Tandia_Import","1.2000","1.20",282,1,66,NULL,NULL,"2025-08-13 00:56:52.981096-05",NULL,False
297,"2025-04-24 19:00:00-05",11,-1,"Venta importada desde Tandia - BB02-103049",-15,-16,"BB02-103049","Tandia_Import","Tandia_Import","0.9000","0.90",49,1,9,NULL,NULL,"2025-08-13 00:56:53.009283-05",NULL,False
298,"2025-04-24 19:00:00-05",11,-1,"Venta importada desde Tandia - BB02-103050",-6,-7,"BB02-103050","Tandia_Import","Tandia_Import","8.9000","8.90",86,1,29,NULL,NULL,"2025-08-13 00:56:53.047941-05",NULL,False
299,"2025-04-24 19:00:00-05",11,-1,"Venta importada desde Tandia - BB02-103050",0,-1,"BB02-103050","Tandia_Import","Tandia_Import","8.0000","8.00",327,1,98,NULL,NULL,"2025-08-13 00:56:53.08526-05",NULL,False
300,"2025-04-24 19:00:00-05",11,-2,"Venta importada desde Tandia - BB02-103050",-28,-30,"BB02-103050","Tandia_Import","Tandia_Import","2.5000","5.00",95,1,42,NULL,NULL,"2025-08-13 00:56:53.112053-05",NULL,False
301,"2025-04-24 19:00:00-05",11,-1,"Venta importada desde Tandia - BB02-103050",-34,-35,"BB02-103050","Tandia_Import","Tandia_Import","1.5000","1.50",201,1,10,NULL,NULL,"2025-08-13 00:56:53.139951-05",NULL,False
302,"2025-04-24 19:00:00-05",11,-1,"Venta importada desde Tandia - BB02-103051",0,-1,"BB02-103051","Tandia_Import","Tandia_Import","2.5000","2.50",142,1,99,NULL,NULL,"2025-08-13 00:56:53.196632-05",NULL,False
303,"2025-04-24 19:00:00-05",11,-1,"Venta importada desde Tandia - BB02-103052",0,-1,"BB02-103052","Tandia_Import","Tandia_Import","35.0000","35.00",435,1,100,NULL,NULL,"2025-08-13 00:56:53.24345-05",NULL,False
304,"2025-04-24 19:00:00-05",11,0,"Venta importada desde Tandia - NT02-13698",0,0,"NT02-13698","Tandia_Import","Tandia_Import","18.0000","9.00",293,1,63,NULL,NULL,"2025-08-13 00:56:53.290335-05",NULL,False
305,"2025-04-24 19:00:00-05",11,-1,"Venta importada desde Tandia - NT02-13698",-10,-11,"NT02-13698","Tandia_Import","Tandia_Import","2.5000","2.50",141,1,43,NULL,NULL,"2025-08-13 00:56:53.317816-05",NULL,False
306,"2025-04-24 19:00:00-05",11,-1,"Venta importada desde Tandia - NT02-13698",-1,-2,"NT02-13698","Tandia_Import","Tandia_Import","8.5000","8.50",344,1,21,NULL,NULL,"2025-08-13 00:56:53.345214-05",NULL,False
307,"2025-04-24 19:00:00-05",11,-1,"Venta importada desde Tandia - NT02-13698",-1,-2,"NT02-13698","Tandia_Import","Tandia_Import","4.0000","4.00",416,1,74,NULL,NULL,"2025-08-13 00:56:53.374235-05",NULL,False
308,"2025-04-24 19:00:00-05",11,-1,"Venta importada desde Tandia - NT02-13698",-68,-69,"NT02-13698","Tandia_Import","Tandia_Import","1.0000","1.00",63,1,31,NULL,NULL,"2025-08-13 00:56:53.40318-05",NULL,False
309,"2025-04-24 19:00:00-05",11,-1,"Venta importada desde Tandia - NT02-13698",-67,-68,"NT02-13698","Tandia_Import","Tandia_Import","1.5000","1.50",59,1,27,NULL,NULL,"2025-08-13 00:56:53.431902-05",NULL,False
310,"2025-04-24 19:00:00-05",11,-1,"Venta importada desde Tandia - NT02-13698",-2,-3,"NT02-13698","Tandia_Import","Tandia_Import","0.8000","0.80",56,1,12,NULL,NULL,"2025-08-13 00:56:53.460383-05",NULL,False
311,"2025-04-24 19:00:00-05",11,-1,"Venta importada desde Tandia - BB02-103053",-15,-16,"BB02-103053","Tandia_Import","Tandia_Import","7.9000","7.90",97,1,2,NULL,NULL,"2025-08-13 00:56:53.499609-05",NULL,False
312,"2025-04-24 19:00:00-05",11,-1,"Venta importada desde Tandia - BB02-103053",-14,-15,"BB02-103053","Tandia_Import","Tandia_Import","1.0000","1.00",170,1,4,NULL,NULL,"2025-08-13 00:56:53.529576-05",NULL,False
313,"2025-04-24 19:00:00-05",11,-1,"Venta importada desde Tandia - BB02-103053",-11,-12,"BB02-103053","Tandia_Import","Tandia_Import","2.5000","2.50",141,1,43,NULL,NULL,"2025-08-13 00:56:53.557893-05",NULL,False
314,"2025-04-24 19:00:00-05",11,-1,"Venta importada desde Tandia - BB02-103054",-1,-2,"BB02-103054","Tandia_Import","Tandia_Import","2.5000","2.50",142,1,99,NULL,NULL,"2025-08-13 00:56:53.595282-05",NULL,False
315,"2025-04-24 19:00:00-05",11,-1,"Venta importada desde Tandia - BB02-103054",-35,-36,"BB02-103054","Tandia_Import","Tandia_Import","1.5000","1.50",201,1,10,NULL,NULL,"2025-08-13 00:56:53.622275-05",NULL,False
316,"2025-04-24 19:00:00-05",11,-2,"Venta importada desde Tandia - BB02-103054",-30,-32,"BB02-103054","Tandia_Import","Tandia_Import","2.5000","5.00",95,1,42,NULL,NULL,"2025-08-13 00:56:53.649048-05",NULL,False
317,"2025-04-24 19:00:00-05",11,-1,"Venta importada desde Tandia - BB02-103054",-15,-16,"BB02-103054","Tandia_Import","Tandia_Import","1.0000","1.00",170,1,4,NULL,NULL,"2025-08-13 00:56:53.679839-05",NULL,False
318,"2025-04-24 19:00:00-05",11,-2,"Venta importada desde Tandia - BB02-103055",0,-2,"BB02-103055","Tandia_Import","Tandia_Import","2.9000","5.80",368,1,101,NULL,NULL,"2025-08-13 00:56:53.727797-05",NULL,False
319,"2025-04-24 19:00:00-05",11,-1,"Venta importada desde Tandia - BB02-103055",0,-1,"BB02-103055","Tandia_Import","Tandia_Import","1.5000","1.50",71,1,102,NULL,NULL,"2025-08-13 00:56:53.763778-05",NULL,False
320,"2025-04-24 19:00:00-05",11,-1,"Venta importada desde Tandia - BB02-103055",-36,-37,"BB02-103055","Tandia_Import","Tandia_Import","1.5000","1.50",201,1,10,NULL,NULL,"2025-08-13 00:56:53.791708-05",NULL,False
321,"2025-04-24 19:00:00-05",11,-3,"Venta importada desde Tandia - BB02-103056",-16,-19,"BB02-103056","Tandia_Import","Tandia_Import","0.9000","2.70",49,1,9,NULL,NULL,"2025-08-13 00:56:53.830211-05",NULL,False
322,"2025-04-24 19:00:00-05",11,-1,"Venta importada desde Tandia - BB02-103057",-2,-3,"BB02-103057","Tandia_Import","Tandia_Import","4.0000","4.00",167,1,70,NULL,NULL,"2025-08-13 00:56:53.86739-05",NULL,False
323,"2025-04-24 19:00:00-05",11,-2,"Venta importada desde Tandia - BB02-103057",0,-2,"BB02-103057","Tandia_Import","Tandia_Import","9.9000","19.80",165,1,103,NULL,NULL,"2025-08-13 00:56:53.906898-05",NULL,False
324,"2025-04-24 19:00:00-05",11,-1,"Venta importada desde Tandia - BB02-103057",-68,-69,"BB02-103057","Tandia_Import","Tandia_Import","1.5000","1.50",59,1,27,NULL,NULL,"2025-08-13 00:56:53.93514-05",NULL,False
325,"2025-04-24 19:00:00-05",11,-4,"Venta importada desde Tandia - BB02-103057",0,-4,"BB02-103057","Tandia_Import","Tandia_Import","0.5000","2.00",286,1,104,NULL,NULL,"2025-08-13 00:56:53.978487-05",NULL,False
326,"2025-04-24 19:00:00-05",11,-2,"Venta importada desde Tandia - BB02-103058",-16,-18,"BB02-103058","Tandia_Import","Tandia_Import","7.9000","15.80",97,1,2,NULL,NULL,"2025-08-13 00:56:54.019007-05",NULL,False
327,"2025-04-24 19:00:00-05",11,-1,"Venta importada desde Tandia - BB02-103058",-16,-17,"BB02-103058","Tandia_Import","Tandia_Import","1.0000","1.00",170,1,4,NULL,NULL,"2025-08-13 00:56:54.047972-05",NULL,False
328,"2025-04-24 19:00:00-05",11,-1,"Venta importada desde Tandia - BB02-103059",-69,-70,"BB02-103059","Tandia_Import","Tandia_Import","1.5000","1.50",59,1,27,NULL,NULL,"2025-08-13 00:56:54.087407-05",NULL,False
329,"2025-04-24 19:00:00-05",11,-2,"Venta importada desde Tandia - BB02-103059",-14,-16,"BB02-103059","Tandia_Import","Tandia_Import","0.5000","1.00",108,1,6,NULL,NULL,"2025-08-13 00:56:54.115997-05",NULL,False
330,"2025-04-24 19:00:00-05",11,-1,"Venta importada desde Tandia - BB02-103059",-23,-24,"BB02-103059","Tandia_Import","Tandia_Import","0.9000","0.90",112,1,60,NULL,NULL,"2025-08-13 00:56:54.145194-05",NULL,False
331,"2025-04-24 19:00:00-05",11,-1,"Venta importada desde Tandia - BB02-103059",-8,-9,"BB02-103059","Tandia_Import","Tandia_Import","3.5000","3.50",417,1,7,NULL,NULL,"2025-08-13 00:56:54.176373-05",NULL,False
332,"2025-04-24 19:00:00-05",11,-20,"Venta importada desde Tandia - BB02-103060",-24,-44,"BB02-103060","Tandia_Import","Tandia_Import","0.7800","15.60",112,1,60,NULL,NULL,"2025-08-13 00:56:54.217607-05",NULL,False
333,"2025-04-24 19:00:00-05",11,-4,"Venta importada desde Tandia - BB02-103061",-32,-36,"BB02-103061","Tandia_Import","Tandia_Import","2.5000","10.00",95,1,42,NULL,NULL,"2025-08-13 00:56:54.256373-05",NULL,False
334,"2025-04-24 19:00:00-05",11,-5,"Venta importada desde Tandia - BB02-103061",-3,-8,"BB02-103061","Tandia_Import","Tandia_Import","0.6500","3.25",56,1,12,NULL,NULL,"2025-08-13 00:56:54.284546-05",NULL,False
335,"2025-04-24 19:00:00-05",11,-5,"Venta importada desde Tandia - BB02-103061",-3,-8,"BB02-103061","Tandia_Import","Tandia_Import","1.3500","6.75",54,1,36,NULL,NULL,"2025-08-13 00:56:54.312544-05",NULL,False
336,"2025-04-24 19:00:00-05",11,-1,"Venta importada desde Tandia - BB02-103061",-1,-2,"BB02-103061","Tandia_Import","Tandia_Import","4.5000","4.50",35,1,78,NULL,NULL,"2025-08-13 00:56:54.340745-05",NULL,False
337,"2025-04-24 19:00:00-05",11,-5,"Venta importada desde Tandia - BB02-103061",0,-5,"BB02-103061","Tandia_Import","Tandia_Import","2.6500","13.25",25,1,105,NULL,NULL,"2025-08-13 00:56:54.37838-05",NULL,False
338,"2025-04-24 19:00:00-05",11,-1,"Venta importada desde Tandia - BB02-103062",-3,-4,"BB02-103062","Tandia_Import","Tandia_Import","9.5000","9.50",202,1,33,NULL,NULL,"2025-08-13 00:56:54.418783-05",NULL,False
339,"2025-04-24 19:00:00-05",11,-2,"Venta importada desde Tandia - BB02-103063",0,-2,"BB02-103063","Tandia_Import","Tandia_Import","1.0000","2.00",174,1,106,NULL,NULL,"2025-08-13 00:56:54.466982-05",NULL,False
340,"2025-04-24 19:00:00-05",11,-4,"Venta importada desde Tandia - BB02-103063",-4,-8,"BB02-103063","Tandia_Import","Tandia_Import","0.5000","2.00",286,1,104,NULL,NULL,"2025-08-13 00:56:54.496744-05",NULL,False
341,"2025-04-24 19:00:00-05",11,-1,"Venta importada desde Tandia - BB02-103063",-4,-5,"BB02-103063","Tandia_Import","Tandia_Import","9.5000","9.50",202,1,33,NULL,NULL,"2025-08-13 00:56:54.525107-05",NULL,False
342,"2025-04-24 19:00:00-05",11,-4,"Venta importada desde Tandia - BB02-103064",-16,-20,"BB02-103064","Tandia_Import","Tandia_Import","0.5000","2.00",108,1,6,NULL,NULL,"2025-08-13 00:56:54.566267-05",NULL,False
343,"2025-04-24 19:00:00-05",11,-1,"Venta importada desde Tandia - BB02-103065",-2,-3,"BB02-103065","Tandia_Import","Tandia_Import","4.0000","4.00",416,1,74,NULL,NULL,"2025-08-13 00:56:54.64209-05",NULL,False
344,"2025-04-24 19:00:00-05",11,-1,"Venta importada desde Tandia - BB02-103065",-7,-8,"BB02-103065","Tandia_Import","Tandia_Import","8.9000","8.90",86,1,29,NULL,NULL,"2025-08-13 00:56:54.672769-05",NULL,False
345,"2025-04-24 19:00:00-05",11,-1,"Venta importada desde Tandia - BB02-103065",-4,-5,"BB02-103065","Tandia_Import","Tandia_Import","2.5000","2.50",164,1,24,NULL,NULL,"2025-08-13 00:56:54.700905-05",NULL,False
346,"2025-04-24 19:00:00-05",11,-1,"Venta importada desde Tandia - BB02-103066",-17,-18,"BB02-103066","Tandia_Import","Tandia_Import","2.5000","2.50",413,1,25,NULL,NULL,"2025-08-13 00:56:54.741398-05",NULL,False
347,"2025-04-24 19:00:00-05",11,-1,"Venta importada desde Tandia - BB02-103066",-1,-2,"BB02-103066","Tandia_Import","Tandia_Import","3.0000","3.00",66,1,90,NULL,NULL,"2025-08-13 00:56:54.771427-05",NULL,False
348,"2025-04-24 19:00:00-05",11,-3,"Venta importada desde Tandia - BB02-103066",-17,-20,"BB02-103066","Tandia_Import","Tandia_Import","1.0000","3.00",170,1,4,NULL,NULL,"2025-08-13 00:56:54.800835-05",NULL,False
349,"2025-04-24 19:00:00-05",11,-1,"Venta importada desde Tandia - BB02-103066",-4,-5,"BB02-103066","Tandia_Import","Tandia_Import","2.5000","2.50",76,1,72,NULL,NULL,"2025-08-13 00:56:54.828935-05",NULL,False
350,"2025-04-24 19:00:00-05",11,-2,"Venta importada desde Tandia - BB02-103067",-20,-22,"BB02-103067","Tandia_Import","Tandia_Import","1.0000","2.00",170,1,4,NULL,NULL,"2025-08-13 00:56:54.869984-05",NULL,False
351,"2025-04-24 19:00:00-05",11,-8,"Venta importada desde Tandia - FF02-1175",0,-8,"FF02-1175","Tandia_Import","Tandia_Import","10.5000","84.00",261,1,107,NULL,NULL,"2025-08-13 00:56:54.92781-05",NULL,False
352,"2025-04-24 19:00:00-05",11,-4,"Venta importada desde Tandia - BB02-103068",-36,-40,"BB02-103068","Tandia_Import","Tandia_Import","2.5000","10.00",95,1,42,NULL,NULL,"2025-08-13 00:56:54.967166-05",NULL,False
353,"2025-04-24 19:00:00-05",11,-1,"Venta importada desde Tandia - BB02-103068",-18,-19,"BB02-103068","Tandia_Import","Tandia_Import","2.5000","2.50",413,1,25,NULL,NULL,"2025-08-13 00:56:54.997161-05",NULL,False
354,"2025-04-24 19:00:00-05",11,-2,"Venta importada desde Tandia - BB02-103068",-20,-22,"BB02-103068","Tandia_Import","Tandia_Import","0.5000","1.00",108,1,6,NULL,NULL,"2025-08-13 00:56:55.030177-05",NULL,False
355,"2025-04-24 19:00:00-05",11,-1,"Venta importada desde Tandia - BB02-103068",-44,-45,"BB02-103068","Tandia_Import","Tandia_Import","0.9000","0.90",112,1,60,NULL,NULL,"2025-08-13 00:56:55.059137-05",NULL,False
356,"2025-04-24 19:00:00-05",11,-5,"Venta importada desde Tandia - BB02-103069",-3,-8,"BB02-103069","Tandia_Import","Tandia_Import","7.0000","35.00",171,1,57,NULL,NULL,"2025-08-13 00:56:55.099965-05",NULL,False
357,"2025-04-24 19:00:00-05",11,-1,"Venta importada desde Tandia - BB02-103070",0,-1,"BB02-103070","Tandia_Import","Tandia_Import","12.0000","12.00",184,1,108,NULL,NULL,"2025-08-13 00:56:55.150117-05",NULL,False
358,"2025-04-24 19:00:00-05",11,-2,"Venta importada desde Tandia - BB02-103071",-6,-8,"BB02-103071","Tandia_Import","Tandia_Import","2.5000","5.00",351,1,45,NULL,NULL,"2025-08-13 00:56:55.19513-05",NULL,False
359,"2025-04-24 19:00:00-05",11,-2,"Venta importada desde Tandia - BB02-103072",-69,-71,"BB02-103072","Tandia_Import","Tandia_Import","1.0000","2.00",63,1,31,NULL,NULL,"2025-08-13 00:56:55.2356-05",NULL,False
360,"2025-04-24 19:00:00-05",11,-1,"Venta importada desde Tandia - BB02-103072",-7,-8,"BB02-103072","Tandia_Import","Tandia_Import","1.0000","1.00",47,1,11,NULL,NULL,"2025-08-13 00:56:55.266773-05",NULL,False
361,"2025-04-24 19:00:00-05",11,-2,"Venta importada desde Tandia - BB02-103072",-4,-6,"BB02-103072","Tandia_Import","Tandia_Import","2.5000","5.00",315,1,19,NULL,NULL,"2025-08-13 00:56:55.297525-05",NULL,False
362,"2025-04-24 19:00:00-05",11,-1,"Venta importada desde Tandia - BB02-103072",-2,-3,"BB02-103072","Tandia_Import","Tandia_Import","2.9000","2.90",368,1,101,NULL,NULL,"2025-08-13 00:56:55.328083-05",NULL,False
363,"2025-04-24 19:00:00-05",11,-1,"Venta importada desde Tandia - BB02-103072",-4,-5,"BB02-103072","Tandia_Import","Tandia_Import","2.0000","2.00",144,1,51,NULL,NULL,"2025-08-13 00:56:55.358794-05",NULL,False
364,"2025-04-24 19:00:00-05",11,-1,"Venta importada desde Tandia - BB02-103073",-2,-3,"BB02-103073","Tandia_Import","Tandia_Import","1.2000","1.20",282,1,66,NULL,NULL,"2025-08-13 00:56:55.39985-05",NULL,False
365,"2025-04-24 19:00:00-05",11,-1,"Venta importada desde Tandia - BB02-103073",-8,-9,"BB02-103073","Tandia_Import","Tandia_Import","1.0000","1.00",47,1,11,NULL,NULL,"2025-08-13 00:56:55.430192-05",NULL,False
366,"2025-04-24 19:00:00-05",11,-2,"Venta importada desde Tandia - BB02-103074",0,-2,"BB02-103074","Tandia_Import","Tandia_Import","9.5000","19.00",262,1,109,NULL,NULL,"2025-08-13 00:56:55.482345-05",NULL,False
367,"2025-04-24 19:00:00-05",11,-1,"Venta importada desde Tandia - BB02-103074",-8,-9,"BB02-103074","Tandia_Import","Tandia_Import","10.8000","10.80",261,1,107,NULL,NULL,"2025-08-13 00:56:55.516146-05",NULL,False
368,"2025-04-24 19:00:00-05",11,-2,"Venta importada desde Tandia - BB02-103074",-1,-3,"BB02-103074","Tandia_Import","Tandia_Import","6.8000","13.60",245,1,82,NULL,NULL,"2025-08-13 00:56:55.550772-05",NULL,False
369,"2025-04-24 19:00:00-05",11,-1,"Venta importada desde Tandia - BB02-103074",-27,-28,"BB02-103074","Tandia_Import","Tandia_Import","4.5000","4.50",409,1,47,NULL,NULL,"2025-08-13 00:56:55.580595-05",NULL,False
370,"2025-04-24 19:00:00-05",11,-1,"Venta importada desde Tandia - BB02-103074",0,-1,"BB02-103074","Tandia_Import","Tandia_Import","9.0000","9.00",78,1,110,NULL,NULL,"2025-08-13 00:56:55.621977-05",NULL,False
371,"2025-04-24 19:00:00-05",11,-3,"Venta importada desde Tandia - BB02-103075",-70,-73,"BB02-103075","Tandia_Import","Tandia_Import","1.5000","4.50",59,1,27,NULL,NULL,"2025-08-13 00:56:55.663739-05",NULL,False
372,"2025-04-24 19:00:00-05",11,-2,"Venta importada desde Tandia - BB02-103075",0,-2,"BB02-103075","Tandia_Import","Tandia_Import","2.2000","4.40",44,1,111,NULL,NULL,"2025-08-13 00:56:55.703733-05",NULL,False
373,"2025-04-24 19:00:00-05",11,-1,"Venta importada desde Tandia - BB02-103075",-37,-38,"BB02-103075","Tandia_Import","Tandia_Import","1.5000","1.50",201,1,10,NULL,NULL,"2025-08-13 00:56:55.734519-05",NULL,False
374,"2025-04-24 19:00:00-05",11,-1,"Venta importada desde Tandia - BB02-103075",-1,-2,"BB02-103075","Tandia_Import","Tandia_Import","2.5000","2.50",210,1,32,NULL,NULL,"2025-08-13 00:56:55.767357-05",NULL,False
375,"2025-04-24 19:00:00-05",11,-2,"Venta importada desde Tandia - BB02-103075",-19,-21,"BB02-103075","Tandia_Import","Tandia_Import","2.5000","5.00",413,1,25,NULL,NULL,"2025-08-13 00:56:55.798199-05",NULL,False
376,"2025-04-24 19:00:00-05",11,-1,"Venta importada desde Tandia - BB02-103075",-6,-7,"BB02-103075","Tandia_Import","Tandia_Import","6.5000","6.50",227,1,22,NULL,NULL,"2025-08-13 00:56:55.829562-05",NULL,False
377,"2025-04-24 19:00:00-05",11,-1,"Venta importada desde Tandia - BB02-103076",-7,-8,"BB02-103076","Tandia_Import","Tandia_Import","4.5000","4.50",410,1,17,NULL,NULL,"2025-08-13 00:56:55.872565-05",NULL,False
378,"2025-04-24 19:00:00-05",11,-2,"Venta importada desde Tandia - BB02-103076",-28,-30,"BB02-103076","Tandia_Import","Tandia_Import","1.2000","2.40",61,1,54,NULL,NULL,"2025-08-13 00:56:55.903395-05",NULL,False
379,"2025-04-24 19:00:00-05",11,-2,"Venta importada desde Tandia - BB02-103076",-8,-10,"BB02-103076","Tandia_Import","Tandia_Import","1.5000","3.00",54,1,36,NULL,NULL,"2025-08-13 00:56:55.934076-05",NULL,False
380,"2025-04-24 19:00:00-05",11,-1,"Venta importada desde Tandia - BB02-103077",-71,-72,"BB02-103077","Tandia_Import","Tandia_Import","1.0000","1.00",63,1,31,NULL,NULL,"2025-08-13 00:56:55.976573-05",NULL,False
381,"2025-04-24 19:00:00-05",11,-1,"Venta importada desde Tandia - BB02-103078",-6,-7,"BB02-103078","Tandia_Import","Tandia_Import","3.0000","3.00",407,1,35,NULL,NULL,"2025-08-13 00:56:56.018631-05",NULL,False
382,"2025-04-24 19:00:00-05",11,-1,"Venta importada desde Tandia - BB02-103079",-18,-19,"BB02-103079","Tandia_Import","Tandia_Import","7.9000","7.90",97,1,2,NULL,NULL,"2025-08-13 00:56:56.060174-05",NULL,False
383,"2025-04-24 19:00:00-05",11,-1,"Venta importada desde Tandia - BB02-103079",-12,-13,"BB02-103079","Tandia_Import","Tandia_Import","2.5000","2.50",141,1,43,NULL,NULL,"2025-08-13 00:56:56.092033-05",NULL,False
384,"2025-04-24 19:00:00-05",11,-1,"Venta importada desde Tandia - BB02-103079",-2,-3,"BB02-103079","Tandia_Import","Tandia_Import","2.5000","2.50",142,1,99,NULL,NULL,"2025-08-13 00:56:56.124887-05",NULL,False
385,"2025-04-24 19:00:00-05",11,-1,"Venta importada desde Tandia - BB02-103079",0,-1,"BB02-103079","Tandia_Import","Tandia_Import","3.5000","3.50",39,1,112,NULL,NULL,"2025-08-13 00:56:56.169635-05",NULL,False
386,"2025-04-24 19:00:00-05",11,-1,"Venta importada desde Tandia - BB02-103079",-7,-8,"BB02-103079","Tandia_Import","Tandia_Import","6.5000","6.50",227,1,22,NULL,NULL,"2025-08-13 00:56:56.201217-05",NULL,False
387,"2025-04-24 19:00:00-05",11,-10,"Venta importada desde Tandia - BB02-103080",-9,-19,"BB02-103080","Tandia_Import","Tandia_Import","0.8500","8.50",47,1,11,NULL,NULL,"2025-08-13 00:56:56.246427-05",NULL,False
388,"2025-04-24 19:00:00-05",11,-10,"Venta importada desde Tandia - BB02-103080",-19,-29,"BB02-103080","Tandia_Import","Tandia_Import","0.7000","7.00",49,1,9,NULL,NULL,"2025-08-13 00:56:56.279213-05",NULL,False
389,"2025-04-24 19:00:00-05",11,-10,"Venta importada desde Tandia - BB02-103080",0,-10,"BB02-103080","Tandia_Import","Tandia_Import","0.6700","6.70",111,1,113,NULL,NULL,"2025-08-13 00:56:56.322839-05",NULL,False
390,"2025-04-24 19:00:00-05",11,-1,"Venta importada desde Tandia - BB02-103081",-6,-7,"BB02-103081","Tandia_Import","Tandia_Import","1.9000","1.90",89,1,41,NULL,NULL,"2025-08-13 00:56:56.37424-05",NULL,False
391,"2025-04-24 19:00:00-05",11,-1,"Venta importada desde Tandia - BB02-103081",-38,-39,"BB02-103081","Tandia_Import","Tandia_Import","1.5000","1.50",201,1,10,NULL,NULL,"2025-08-13 00:56:56.406461-05",NULL,False
392,"2025-04-24 19:00:00-05",11,-1,"Venta importada desde Tandia - BB02-103081",-8,-9,"BB02-103081","Tandia_Import","Tandia_Import","1.0000","1.00",65,1,30,NULL,NULL,"2025-08-13 00:56:56.438663-05",NULL,False
393,"2025-04-24 19:00:00-05",11,-1,"Venta importada desde Tandia - BB02-103082",-19,-20,"BB02-103082","Tandia_Import","Tandia_Import","7.9000","7.90",97,1,2,NULL,NULL,"2025-08-13 00:56:56.484515-05",NULL,False
394,"2025-04-24 19:00:00-05",11,-1,"Venta importada desde Tandia - BB02-103083",-21,-22,"BB02-103083","Tandia_Import","Tandia_Import","2.5000","2.50",413,1,25,NULL,NULL,"2025-08-13 00:56:56.529663-05",NULL,False
395,"2025-04-24 19:00:00-05",11,-1,"Venta importada desde Tandia - BB02-103083",-40,-41,"BB02-103083","Tandia_Import","Tandia_Import","2.9000","2.90",95,1,42,NULL,NULL,"2025-08-13 00:56:56.562291-05",NULL,False
396,"2025-04-24 19:00:00-05",11,-4,"Venta importada desde Tandia - BB02-103084",-1,-5,"BB02-103084","Tandia_Import","Tandia_Import","1.5000","6.00",71,1,102,NULL,NULL,"2025-08-13 00:56:56.606322-05",NULL,False
397,"2025-04-24 19:00:00-05",11,-3,"Venta importada desde Tandia - BB02-103084",-5,-8,"BB02-103084","Tandia_Import","Tandia_Import","2.0000","6.00",144,1,51,NULL,NULL,"2025-08-13 00:56:56.638639-05",NULL,False
398,"2025-04-24 19:00:00-05",11,-2,"Venta importada desde Tandia - BB02-103084",-22,-24,"BB02-103084","Tandia_Import","Tandia_Import","1.0000","2.00",170,1,4,NULL,NULL,"2025-08-13 00:56:56.671435-05",NULL,False
399,"2025-04-24 19:00:00-05",11,-1,"Venta importada desde Tandia - BB02-103084",-22,-23,"BB02-103084","Tandia_Import","Tandia_Import","2.5000","2.50",413,1,25,NULL,NULL,"2025-08-13 00:56:56.705346-05",NULL,False
400,"2025-04-24 19:00:00-05",11,-1,"Venta importada desde Tandia - BB02-103085",-73,-74,"BB02-103085","Tandia_Import","Tandia_Import","1.5000","1.50",59,1,27,NULL,NULL,"2025-08-13 00:56:56.753362-05",NULL,False
401,"2025-04-24 19:00:00-05",11,-1,"Venta importada desde Tandia - BB02-103086",-1,-2,"BB02-103086","Tandia_Import","Tandia_Import","2.5000","2.50",114,1,91,NULL,NULL,"2025-08-13 00:56:56.799375-05",NULL,False
402,"2025-04-24 19:00:00-05",11,-1,"Venta importada desde Tandia - BB02-103087",0,-1,"BB02-103087","Tandia_Import","Tandia_Import","2.0000","2.00",67,1,114,NULL,NULL,"2025-08-13 00:56:56.869827-05",NULL,False
403,"2025-04-24 19:00:00-05",11,-2,"Venta importada desde Tandia - BB02-103087",-22,-24,"BB02-103087","Tandia_Import","Tandia_Import","0.5000","1.00",108,1,6,NULL,NULL,"2025-08-13 00:56:56.908809-05",NULL,False
404,"2025-04-24 19:00:00-05",11,-1,"Venta importada desde Tandia - BB02-103088",-8,-9,"BB02-103088","Tandia_Import","Tandia_Import","2.0000","2.00",144,1,51,NULL,NULL,"2025-08-13 00:56:56.955668-05",NULL,False
405,"2025-04-24 19:00:00-05",11,-2,"Venta importada desde Tandia - BB02-103088",-3,-5,"BB02-103088","Tandia_Import","Tandia_Import","2.5000","5.00",142,1,99,NULL,NULL,"2025-08-13 00:56:56.990248-05",NULL,False
406,"2025-04-24 19:00:00-05",11,-1,"Venta importada desde Tandia - BB02-103088",-72,-73,"BB02-103088","Tandia_Import","Tandia_Import","1.0000","1.00",63,1,31,NULL,NULL,"2025-08-13 00:56:57.02224-05",NULL,False
407,"2025-04-24 19:00:00-05",11,-1,"Venta importada desde Tandia - BB02-103088",-2,-3,"BB02-103088","Tandia_Import","Tandia_Import","4.9000","4.90",145,1,3,NULL,NULL,"2025-08-13 00:56:57.054937-05",NULL,False
408,"2025-04-24 19:00:00-05",11,-2,"Venta importada desde Tandia - BB02-103088",-20,-22,"BB02-103088","Tandia_Import","Tandia_Import","7.9000","15.80",97,1,2,NULL,NULL,"2025-08-13 00:56:57.088413-05",NULL,False
409,"2025-04-24 19:00:00-05",11,-3,"Venta importada desde Tandia - BB02-103088",-29,-32,"BB02-103088","Tandia_Import","Tandia_Import","0.9000","2.70",49,1,9,NULL,NULL,"2025-08-13 00:56:57.124555-05",NULL,False
410,"2025-04-24 19:00:00-05",11,-1,"Venta importada desde Tandia - BB02-103088",-5,-6,"BB02-103088","Tandia_Import","Tandia_Import","2.5000","2.50",142,1,99,NULL,NULL,"2025-08-13 00:56:57.157658-05",NULL,False
411,"2025-04-24 19:00:00-05",11,-20,"Venta importada desde Tandia - BB02-103088",-50,-70,"BB02-103088","Tandia_Import","Tandia_Import","0.1000","2.00",284,1,62,NULL,NULL,"2025-08-13 00:56:57.199447-05",NULL,False
412,"2025-04-24 19:00:00-05",11,-10,"Venta importada desde Tandia - BB02-103088",-10,-20,"BB02-103088","Tandia_Import","Tandia_Import","0.2000","2.00",285,1,44,NULL,NULL,"2025-08-13 00:56:57.231863-05",NULL,False
413,"2025-04-24 19:00:00-05",11,-3,"Venta importada desde Tandia - BB02-103088",-3,-6,"BB02-103088","Tandia_Import","Tandia_Import","1.0000","3.00",322,1,96,NULL,NULL,"2025-08-13 00:56:57.283713-05",NULL,False
414,"2025-04-24 19:00:00-05",11,-2,"Venta importada desde Tandia - BB02-103088",-5,-7,"BB02-103088","Tandia_Import","Tandia_Import","9.5000","19.00",202,1,33,NULL,NULL,"2025-08-13 00:56:57.315385-05",NULL,False
415,"2025-04-24 19:00:00-05",11,-1,"Venta importada desde Tandia - BB02-103088",-1,-2,"BB02-103088","Tandia_Import","Tandia_Import","9.5000","9.50",204,1,52,NULL,NULL,"2025-08-13 00:56:57.350555-05",NULL,False
416,"2025-04-24 19:00:00-05",11,-4,"Venta importada desde Tandia - BB02-103088",-1,-5,"BB02-103088","Tandia_Import","Tandia_Import","3.5000","14.00",96,1,65,NULL,NULL,"2025-08-13 00:56:57.385965-05",NULL,False
417,"2025-04-24 19:00:00-05",11,-1,"Venta importada desde Tandia - BB02-103088",0,-1,"BB02-103088","Tandia_Import","Tandia_Import","2.0000","2.00",136,1,115,NULL,NULL,"2025-08-13 00:56:57.431014-05",NULL,False
418,"2025-04-24 19:00:00-05",11,-1,"Venta importada desde Tandia - BB02-103088",-5,-6,"BB02-103088","Tandia_Import","Tandia_Import","2.5000","2.50",164,1,24,NULL,NULL,"2025-08-13 00:56:57.46617-05",NULL,False
